chr,start,stop,strand,Name,Location,Lev. Dist.,Gene,Annot.,Pool,MAR,Tier,Tier_Final,Site Type,Origin,Avg. % On-Target UMI,orig_chr,orig_start,orig_stop,orig_strand,orig_Name
chr12,111518253,111518272,-,OnT,chr12:111518253-111518272(-),1;NONE;NONE,ATXN2;ATXN2;NONE,Exon;Exon;NONE,NONE,High;High;NONE,1;1;NONE,1,ON;NONE;ON,UNCOVERseq;insilico;customer,100;NONE;NONE,chr12,111518253,111518272,-,OnT
chr6,62723289,62723308,-,Tier3_3_customer_OT1_insilico_pop65_insilico_ref44,chr6:62723289-62723308(-),2;NONE;NONE;NONE,none;none;none;NONE,Intergenic;Intergenic;Intergenic;NONE,NONE,Low;Low;Low;NONE,3;3;3;NONE,3,OFF;NONE;NONE;OFF,UNCOVERseq;insilico;insilico;customer,1.127;NONE;NONE;NONE,chr6,62723289,62723308,-,Tier3_3;customer_OT1;insilico_pop65;insilico_ref44
chr3,174307833,174307852,+,Tier3_97_customer_OT2_insilico_ref41,chr3:174307833-174307852(+),2;NONE;NONE,none;none;NONE,Intergenic;Intergenic;NONE,NONE,Low;Low;NONE,3;3;NONE,3,OFF;NONE;OFF,UNCOVERseq;insilico;customer,0.078;NONE;NONE,chr3,174307833,174307852,+,Tier3_97;customer_OT2;insilico_ref41
chr18,21263829,21263848,+,Tier3_278_customer_OT3_insilico_ref9,chr18:21263829-21263848(+),2;NONE;NONE,GREB1L;GREB1L;NONE,Intron;Intron;NONE,NONE,High;High;NONE,3;3;NONE,3,OFF;NONE;OFF,UNCOVERseq;insilico;customer,0.029;NONE;NONE,chr18,21263829,21263848,+,Tier3_278;customer_OT3;insilico_ref9
chr6,70563994,70564013,-,Tier3_17_customer_OT4_insilico_pop589_insilico_ref424,chr6:70563994-70564013(-),3;NONE;NONE;NONE,none;none;none;NONE,Intergenic;Intergenic;Intergenic;NONE,NONE,Low;Low;Low;NONE,3;5;3;NONE,3,OFF;NONE;NONE;OFF,UNCOVERseq;insilico;insilico;customer,0.329;NONE;NONE;NONE,chr6,70563994,70564013,-,Tier3_17;customer_OT4;insilico_pop589;insilico_ref424
chr12,88184372,88184391,-,Tier3_47_customer_OT5_insilico_ref122,chr12:88184372-88184391(-),3;NONE;NONE,TMTC3;TMTC3;NONE,Intron;Intron;NONE,NONE,High;High;NONE,3;3;NONE,3,OFF;NONE;OFF,UNCOVERseq;insilico;customer,0.144;NONE;NONE,chr12,88184372,88184391,-,Tier3_47;customer_OT5;insilico_ref122
chr12,29152440,29152459,-,Tier3_53_customer_OT6_insilico_ref341,chr12:29152440-29152459(-),3;NONE;NONE,FAR2;FAR2;NONE,Intron;Intron;NONE,NONE,Med.;Med.;NONE,3;3;NONE,3,OFF;NONE;OFF,UNCOVERseq;insilico;customer,0.133;NONE;NONE,chr12,29152440,29152459,-,Tier3_53;customer_OT6;insilico_ref341
chr12,131791053,131791072,+,Tier3_757_customer_OT7_insilico_ref340,chr12:131791053-131791072(+),3;NONE;NONE,SFSWAP;SFSWAP;NONE,Intron;Intron;NONE,NONE,Med.;Med.;NONE,3;3;NONE,3,OFF;NONE;OFF,UNCOVERseq;insilico;customer,0.013;NONE;NONE,chr12,131791053,131791072,+,Tier3_757;customer_OT7;insilico_ref340
chr4,27591312,27591330,-,Insilico_ref412__Tier3_43_customer_OT8,chr4:27591312-27591331(-);chr4:27591312-27591330(-);chr4:27591312-27591331(-),4;NONE;NONE,none;none;NONE,Intergenic;Intergenic;NONE,NONE,Low;Low;NONE,3;3;NONE,3,OFF;NONE;OFF,UNCOVERseq;insilico;customer,0.155;NONE;NONE,chr4,27591312,27591331;27591330;27591331,-,Insilico_ref412;Tier3_43;customer_OT8
chr12,111519174,111519315,-,Tier3_34_customer_OT9__Tier3_132,chr12:111519174-111519194(-);chr12:111519296-111519315(-);chr12:111519174-111519194(-),5;8;NONE,ATXN2;ATXN2;NONE,Intron;Intron;NONE,NONE,High;High;NONE,3;3;NONE,3,OFF,UNCOVERseq;UNCOVERseq;customer,0.173;0.056;NONE,chr12,111519174;111519296;111519174,111519194;111519315;111519194,-,Tier3_34;customer_OT9;Tier3_132
chr2,48005674,48005693,-,Tier3_109_customer_OT10__Insilico_ref3419,chr2:48005674-48005693(-);chr2:48005674-48005694(-);chr2:48005674-48005693(-),5;NONE;NONE,none;none;NONE,Intergenic;Intergenic;NONE,NONE,Low;Low;NONE,3;3;NONE,3,OFF;NONE;OFF,UNCOVERseq;insilico;customer,0.071;NONE;NONE,chr2,48005674,48005693;48005694;48005693,-,Tier3_109;customer_OT10;Insilico_ref3419
chr12,111518675,111518820,-,Tier3_175__Tier3_20__Tier3_330__Customer_OT11,chr12:111518675-111518694(-);chr12:111518749-111518768(-);chr12:111518776-111518795(-);chr12:111518800-111518820(-),7;6;7;NONE,ATXN2;ATXN2;ATXN2;NONE,Intron;Intron;Intron;NONE,NONE,High;High;High;NONE,3;3;3;NONE,3,OFF,UNCOVERseq;UNCOVERseq;UNCOVERseq;customer,0.044;0.313;0.025;NONE,chr12,111518675;111518749;111518776;111518800,111518694;111518768;111518795;111518820,-,Tier3_175;Tier3_20;Tier3_330;Customer_OT11
chr17,26885600,26885662,+,Customer_OT12__Tier3_120,chr17:26885643-26885662(+);chr17:26885600-26885620(+),6;NONE,none;NONE,Intergenic;NONE,NONE,Low;NONE,3;NONE,3,OFF,UNCOVERseq;customer,0.063;NONE,chr17,26885643;26885600,26885662;26885620,+,Customer_OT12;Tier3_120
chr5,49600232,49600361,+,Tier3_314__Customer_OT13__Tier3_346,chr5:49600232-49600251(+);chr5:49600342-49600361(+);chr5:49600300-49600320(+),7;6;NONE,none;none;NONE,Intergenic;Intergenic;NONE,NONE,Low;Low;NONE,3;3;NONE,3,OFF,UNCOVERseq;UNCOVERseq;customer,0.026;0.024;NONE,chr5,49600232;49600342;49600300,49600251;49600361;49600320,+,Tier3_314;Customer_OT13;Tier3_346
chr4,49710104,49710220,+,Tier6_539__Tier6_531__Tier3_362__Customer_OT14,chr4:49710104-49710123(+);chr4:49710106-49710125(+);chr4:49710189-49710208(+);chr4:49710200-49710220(+),7;7;6;NONE,none;none;none;NONE,Intergenic;Intergenic;Intergenic;NONE,NONE,Low;Low;Low;NONE,6;6;3;NONE,3,OFF,UNCOVERseq;UNCOVERseq;UNCOVERseq;customer,0.016;0.016;0.023;NONE,chr4,49710104;49710106;49710189;49710200,49710123;49710125;49710208;49710220,+,Tier6_539;Tier6_531;Tier3_362;Customer_OT14
chr17,26619400,26619537,-,Customer_OT15__Tier3_477__Tier6_503,chr17:26619449-26619468(-);chr17:26619518-26619537(-);chr17:26619400-26619420(-),6;8;NONE,none;none;NONE,Intergenic;Intergenic;NONE,NONE,Low;Low;NONE,3;6;NONE,3,OFF,UNCOVERseq;UNCOVERseq;customer,0.018;0.017;NONE,chr17,26619449;26619518;26619400,26619468;26619537;26619420,-,Customer_OT15;Tier3_477;Tier6_503
chr4,49709200,49709345,+,Tier6_4282__Tier6_9012__Tier3_15,chr4:49709200-49709219(+);chr4:49709242-49709261(+);chr4:49709326-49709345(+),7;7;6,none,Intergenic,NONE,Low,6;6;3,3,OFF,UNCOVERseq,0.005;0.001;0.379,chr4,49709200;49709242;49709326,49709219;49709261;49709345,+,Tier6_4282;Tier6_9012;Tier3_15
chr4,49709780,49709799,+,Tier3_84,chr4:49709780-49709799(+),6,none,Intergenic,NONE,Low,3,3,OFF,UNCOVERseq,0.084,chr4,49709780,49709799,+,Tier3_84
chr12,111517093,111517169,+,Tier3_142__Tier3_1617,chr12:111517093-111517112(+);chr12:111517151-111517169(+),8;6,ATXN2,Intron,NONE,High,3,3,OFF,UNCOVERseq,0.053;0.009,chr12,111517093;111517151,111517112;111517169,+,Tier3_142;Tier3_1617
chr3,30463436,30463455,+,Tier3_158_insilico_ref403,chr3:30463436-30463455(+),3;NONE,LOC101927995,Other,NONE,Low,3,3,OFF;NONE,UNCOVERseq;insilico,0.048;NONE,chr3,30463436,30463455,+,Tier3_158;insilico_ref403
chr17,26603684,26603703,-,Tier3_265,chr17:26603684-26603703(-),6,none,Intergenic,NONE,Low,3,3,OFF,UNCOVERseq,0.03,chr17,26603684,26603703,-,Tier3_265
chr1,168144492,168144511,+,Insilico_ref34__Tier3_300,chr1:168144492-168144511(+);chr1:168144492-168144510(+),2;NONE,none,Intergenic,NONE,Low,3,3,OFF;NONE,UNCOVERseq;insilico,0.027;NONE,chr1,168144492,168144511;168144510,+,Insilico_ref34;Tier3_300
chr18,4258818,4258837,-,Tier3_329_insilico_ref2488,chr18:4258818-4258837(-),4;NONE,DLGAP1,Intron,NONE,High,3,3,OFF;NONE,UNCOVERseq;insilico,0.025;NONE,chr18,4258818,4258837,-,Tier3_329;insilico_ref2488
chr4,51107295,51107398,+,Tier3_387__Tier3_334,chr4:51107295-51107314(+);chr4:51107379-51107398(+),7;6,none,Intergenic,NONE,Low,3,3,OFF,UNCOVERseq,0.022;0.025,chr4,51107295;51107379,51107314;51107398,+,Tier3_387;Tier3_334
chr5,134923338,134923451,.,Tier3_336__Tier6_1687,chr5:134923338-134923357(+);chr5:134923433-134923451(-),6;8,PCBD2,Intron,NONE,Med.,3;6,3,OFF,UNCOVERseq,0.025;0.008,chr5,134923338;134923433,134923357;134923451,+;-,Tier3_336;Tier6_1687
chrY,11309436,11309455,+,Tier3_344,chrY:11309436-11309455(+),6,none,Intergenic,NONE,Low,3,3,OFF,UNCOVERseq,0.024,chrY,11309436,11309455,+,Tier3_344
chrY,11313395,11313515,+,Tier6_1011__Tier3_361,chrY:11313395-11313414(+);chrY:11313496-11313515(+),6;8,none,Intergenic,NONE,Low,6;3,3,OFF,UNCOVERseq,0.011;0.023,chrY,11313395;11313496,11313414;11313515,+,Tier6_1011;Tier3_361
chr18,107891,107978,-,Tier3_377__Tier3_1103,chr18:107891-107910(-);chr18:107959-107978(-),8;6,none,Intergenic,NONE,Low,3,3,OFF,UNCOVERseq,0.022;0.01,chr18,107891;107959,107910;107978,-,Tier3_377;Tier3_1103
chr10,133688185,133688288,.,Tier3_386__Tier3_3756,chr10:133688185-133688204(+);chr10:133688269-133688288(-),7;6,none,Intergenic,NONE,Low,3,3,OFF,UNCOVERseq,0.022;0.005,chr10,133688185;133688269,133688204;133688288,+;-,Tier3_386;Tier3_3756
chr18,109458,109546,-,Tier3_409__Tier6_8656,chr18:109458-109477(-);chr18:109527-109546(-),5;7,ROCK1P1,Other,NONE,Low,3;6,3,OFF,UNCOVERseq,0.021;0.002,chr18,109458;109527,109477;109546,-,Tier3_409;Tier6_8656
chr13,18211930,18212034,-,Tier3_759__Tier6_414__Tier6_2687,chr13:18211930-18211949(-);chr13:18211992-18212009(-);chr13:18212022-18212034(-),8;6;11,FAM230C,Other,NONE,Low,3;6;6,3,OFF,UNCOVERseq,0.013;0.02;0.007,chr13,18211930;18211992;18212022,18211949;18212009;18212034,-,Tier3_759;Tier6_414;Tier6_2687
chr17,23016287,23016418,.,Tier3_758__Tier3_1639__Tier3_422,chr17:23016287-23016306(-);chr17:23016312-23016331(+);chr17:23016400-23016418(+),9;9;5,none,Intergenic,NONE,Low,3,3,OFF,UNCOVERseq,0.013;0.009;0.02,chr17,23016287;23016312;23016400,23016306;23016331;23016418,-;+;+,Tier3_758;Tier3_1639;Tier3_422
chr18,110962,111049,-,Tier3_424__Tier6_1488,chr18:110962-110981(-);chr18:111030-111049(-),7;6,ROCK1P1,Other,NONE,Low,3;6,3,OFF,UNCOVERseq,0.02;0.009,chr18,110962;111030,110981;111049,-,Tier3_424;Tier6_1488
chr11,80947774,80947793,+,Tier3_440_insilico_ref378,chr11:80947774-80947793(+),2;NONE,none,Intergenic,NONE,Low,3,3,OFF;NONE,UNCOVERseq;insilico,0.019;NONE,chr11,80947774,80947793,+,Tier3_440;insilico_ref378
chrY,11323459,11323557,.,Tier3_3399__Tier6_8980__Tier3_441,chrY:11323459-11323478(-);chrY:11323518-11323537(-);chrY:11323538-11323557(+),9;9;6,none,Intergenic,NONE,Low,3;6;3,3,OFF,UNCOVERseq,0.006;0.001;0.019,chrY,11323459;11323518;11323538,11323478;11323537;11323557,-;-;+,Tier3_3399;Tier6_8980;Tier3_441
chr18,109252,109324,.,Tier3_594__Tier2_450,chr18:109252-109271(-);chr18:109305-109324(+),8;6,ROCK1P1,Exon,NONE,Low,3;2,2,OFF,UNCOVERseq,0.015;0.019,chr18,109252;109305,109271;109324,-;+,Tier3_594;Tier2_450
chr5,94570802,94570821,-,Tier3_485,chr5:94570802-94570821(-),5,KIAA0825,Intron,NONE,High,3,3,OFF,UNCOVERseq,0.018,chr5,94570802,94570821,-,Tier3_485
chr1,173967902,173967921,-,Tier3_489_insilico_ref4,chr1:173967902-173967921(-),2;NONE,RC3H1,Intron,NONE,High,3,3,OFF;NONE,UNCOVERseq;insilico,0.018;NONE,chr1,173967902,173967921,-,Tier3_489;insilico_ref4
chrX,53498486,53498506,-,Tier3_494__Insilico_ref7069,chrX:53498486-53498505(-);chrX:53498486-53498506(-),6;NONE,none,Intergenic,NONE,Low,3;6,3,OFF;NONE,UNCOVERseq;insilico,0.017;NONE,chrX,53498486,53498505;53498506,-,Tier3_494;Insilico_ref7069
chrY,11330391,11330450,+,Tier6_6309__Tier3_518,chrY:11330391-11330410(+);chrY:11330431-11330450(+),7;6,none,Intergenic,NONE,Low,6;3,3,OFF,UNCOVERseq,0.003;0.017,chrY,11330391;11330431,11330410;11330450,+,Tier6_6309;Tier3_518
chr2,196344134,196344153,+,Tier3_521,chr2:196344134-196344153(+),6,HECW2,Intron,NONE,High,3,3,OFF,UNCOVERseq,0.017,chr2,196344134,196344153,+,Tier3_521
chr21,8234343,8234412,-,Tier6_1735__Tier3_546,chr21:8234343-8234362(-);chr21:8234393-8234412(-),6,none,Intergenic,NONE,Low,6;3,3,OFF,UNCOVERseq,0.008;0.016,chr21,8234343;8234393,8234362;8234412,-,Tier6_1735;Tier3_546
chrY,11305057,11305074,+,Tier3_551,chrY:11305057-11305074(+),6,none,Intergenic,NONE,Low,3,3,OFF,UNCOVERseq,0.016,chrY,11305057,11305074,+,Tier3_551
chr14,80212103,80212122,-,Tier3_595,chr14:80212103-80212122(-),5,DIO2,Exon,NONE,Med.,3,3,OFF,UNCOVERseq,0.015,chr14,80212103,80212122,-,Tier3_595
chr4,16763118,16763136,-,Tier3_894,chr4:16763118-16763136(-),6,LDB2,Intron,NONE,High,3,3,OFF,UNCOVERseq,0.012,chr4,16763118,16763136,-,Tier3_894
chr15,88113824,88113843,-,Tier3_922,chr15:88113824-88113843(-),6,NTRK3,Intron,NONE,High,3,3,OFF,UNCOVERseq,0.011,chr15,88113824,88113843,-,Tier3_922
chr4,97757502,97757522,-,Tier3_965,chr4:97757502-97757522(-),6,STPG2,Intron,NONE,High,3,3,OFF,UNCOVERseq,0.011,chr4,97757502,97757522,-,Tier3_965
chr5,159508978,159508997,-,Tier3_975_insilico_ref6132,chr5:159508978-159508997(-),5;NONE,LOC105377685,Exon,NONE,Low,3,3,OFF;NONE,UNCOVERseq;insilico,0.011;NONE,chr5,159508978,159508997,-,Tier3_975;insilico_ref6132
chr2,79546642,79546661,+,Tier3_984,chr2:79546642-79546661(+),6,CTNNA2,Intron,NONE,High,3,3,OFF,UNCOVERseq,0.011,chr2,79546642,79546661,+,Tier3_984
chr3,143768031,143768050,-,Tier3_1137,chr3:143768031-143768050(-),6,SLC9A9,Intron,NONE,High,3,3,OFF,UNCOVERseq,0.01,chr3,143768031,143768050,-,Tier3_1137
chr2,29699565,29699584,+,Tier3_1559,chr2:29699565-29699584(+),6,ALK,Intron,NONE,High,3,3,OFF,UNCOVERseq,0.009,chr2,29699565,29699584,+,Tier3_1559
chr18,62811030,62811049,+,Tier3_1581,chr18:62811030-62811049(+),6,PHLPP1,Intron,NONE,High,3,3,OFF,UNCOVERseq,0.009,chr18,62811030,62811049,+,Tier3_1581
chr2,40162942,40162961,-,Tier3_1614,chr2:40162942-40162961(-),6,SLC8A1,Intron,NONE,High,3,3,OFF,UNCOVERseq,0.009,chr2,40162942,40162961,-,Tier3_1614
chr11,56318538,56318557,+,Tier3_1626,chr11:56318538-56318557(+),6,OR8K3,Exon,NONE,Med.,3,3,OFF,UNCOVERseq,0.009,chr11,56318538,56318557,+,Tier3_1626
chr4,190178159,190178247,+,Tier3_7135__Tier3_1631,chr4:190178159-190178178(+);chr4:190178228-190178247(+),5;8,DUX4,Other,NONE,High,3,3,OFF,UNCOVERseq,0.003;0.009,chr4,190178159;190178228,190178178;190178247,+,Tier3_7135;Tier3_1631
chrX,133974920,133974941,+,Tier3_1638,chrX:133974920-133974941(+),6,GPC3,Intron,NONE,High,3,3,OFF,UNCOVERseq,0.009,chrX,133974920,133974941,+,Tier3_1638
chr7,72183335,72183354,+,Tier3_1642,chr7:72183335-72183354(+),6,CALN1,Intron,NONE,High,3,3,OFF,UNCOVERseq,0.009,chr7,72183335,72183354,+,Tier3_1642
chr2,72278649,72278668,-,Tier3_2024,chr2:72278649-72278668(-),6,EXOC6B,Intron,NONE,High,3,3,OFF,UNCOVERseq,0.008,chr2,72278649,72278668,-,Tier3_2024
chr12,65318822,65318841,-,Tier3_2026,chr12:65318822-65318841(-),6,MSRB3,Intron,NONE,High,3,3,OFF,UNCOVERseq,0.008,chr12,65318822,65318841,-,Tier3_2026
chr8,103914514,103914533,+,Tier3_2036,chr8:103914514-103914533(+),6,RIMS2,Intron,NONE,High,3,3,OFF,UNCOVERseq,0.008,chr8,103914514,103914533,+,Tier3_2036
chrX,54240102,54240119,+,Tier3_2061,chrX:54240102-54240119(+),6,WNK3,Intron,NONE,High,3,3,OFF,UNCOVERseq,0.008,chrX,54240102,54240119,+,Tier3_2061
chr4,14864776,14864794,-,Tier3_2075,chr4:14864776-14864794(-),6,LINC00504,Other,NONE,High,3,3,OFF,UNCOVERseq,0.008,chr4,14864776,14864794,-,Tier3_2075
chr13,36083346,36083464,-,Tier3_2078__Tier3_8362,chr13:36083346-36083365(-);chr13:36083445-36083464(-),5;8,DCLK1,Intron,NONE,High,3,3,OFF,UNCOVERseq,0.008;0.002,chr13,36083346;36083445,36083365;36083464,-,Tier3_2078;Tier3_8362
chr6,68983126,68983145,-,Tier3_2097,chr6:68983126-68983145(-),6,ADGRB3,Intron,NONE,High,3,3,OFF,UNCOVERseq,0.008,chr6,68983126,68983145,-,Tier3_2097
chr8,3280184,3280204,+,Tier3_2100_insilico_ref14,chr8:3280184-3280204(+),2;NONE,CSMD1,Intron,NONE,High,3,3,OFF;NONE,UNCOVERseq;insilico,0.008;NONE,chr8,3280184,3280204,+,Tier3_2100;insilico_ref14
chr9,131571321,131571340,-,Tier3_2114__Insilico_pop66_insilico_ref434,chr9:131571321-131571340(-);chr9:131571322-131571340(-);chr9:131571322-131571340(-),2;NONE;NONE,none,Intergenic,NONE,Low,3,3,OFF;NONE;NONE,UNCOVERseq;insilico;insilico,0.008;NONE;NONE,chr9,131571321;131571322;131571322,131571340,-,Tier3_2114;Insilico_pop66;insilico_ref434
chr4,166890884,166890906,-,Tier3_2126,chr4:166890884-166890906(-),6,SPOCK3,Intron,NONE,High,3,3,OFF,UNCOVERseq,0.008,chr4,166890884,166890906,-,Tier3_2126
chr6,65639430,65639449,+,Tier3_2154,chr6:65639430-65639449(+),6,EYS,Intron,NONE,High,3,3,OFF,UNCOVERseq,0.007,chr6,65639430,65639449,+,Tier3_2154
chr15,86448652,86448671,-,Tier3_2169,chr15:86448652-86448671(-),4,AGBL1,Intron,NONE,High,3,3,OFF,UNCOVERseq,0.007,chr15,86448652,86448671,-,Tier3_2169
chr2,129982414,129982433,+,Tier3_2178,chr2:129982414-129982433(+),6,RAB6C,Exon,NONE,Med.,3,3,OFF,UNCOVERseq,0.007,chr2,129982414,129982433,+,Tier3_2178
chr17,61259884,61259901,-,Tier3_2191,chr17:61259884-61259901(-),6,BCAS3,Intron,NONE,High,3,3,OFF,UNCOVERseq,0.007,chr17,61259884,61259901,-,Tier3_2191
chr18,3143017,3143036,+,Tier3_2197,chr18:3143017-3143036(+),6,MYOM1,Intron,NONE,High,3,3,OFF,UNCOVERseq,0.007,chr18,3143017,3143036,+,Tier3_2197
chr11,30052979,30052998,-,Tier3_2235,chr11:30052979-30052998(-),6,ARL14EP-DT,Other,NONE,High,3,3,OFF,UNCOVERseq,0.007,chr11,30052979,30052998,-,Tier3_2235
chr10,77438574,77438593,+,Tier3_2249,chr10:77438574-77438593(+),6,KCNMA1,Intron,NONE,High,3,3,OFF,UNCOVERseq,0.007,chr10,77438574,77438593,+,Tier3_2249
chr7,148392526,148392544,-,Tier3_2287,chr7:148392526-148392544(-),6,CNTNAP2,Intron,NONE,High,3,3,OFF,UNCOVERseq,0.007,chr7,148392526,148392544,-,Tier3_2287
chr11,65425247,65425266,+,Tier3_2301,chr11:65425247-65425266(+),5,NEAT1,Exon,NONE,Med.,3,3,OFF,UNCOVERseq,0.007,chr11,65425247,65425266,+,Tier3_2301
chrX,50788719,50788738,+,Tier3_3392,chrX:50788719-50788738(+),5,SHROOM4,Intron,NONE,High,3,3,OFF,UNCOVERseq,0.006,chrX,50788719,50788738,+,Tier3_3392
chr3,9722834,9722853,-,Tier3_3436,chr3:9722834-9722853(-),6,CPNE9,Intron,NONE,High,3,3,OFF,UNCOVERseq,0.006,chr3,9722834,9722853,-,Tier3_3436
chr4,5195490,5195507,+,Tier3_3450,chr4:5195490-5195507(+),6,STK32B,Intron,NONE,High,3,3,OFF,UNCOVERseq,0.006,chr4,5195490,5195507,+,Tier3_3450
chr14,32094377,32094396,+,Tier3_3453,chr14:32094377-32094396(+),6,ARHGAP5,Exon,NONE,High,3,3,OFF,UNCOVERseq,0.006,chr14,32094377,32094396,+,Tier3_3453
chrX,74232046,74232065,+,Tier3_3465,chrX:74232046-74232065(+),6,FTX,Other,NONE,High,3,3,OFF,UNCOVERseq,0.006,chrX,74232046,74232065,+,Tier3_3465
chr7,116687757,116687776,+,Tier3_3474,chr7:116687757-116687776(+),6,MET,Intron,NONE,High,3,3,OFF,UNCOVERseq,0.006,chr7,116687757,116687776,+,Tier3_3474
chr7,70432737,70432755,-,Tier3_3475,chr7:70432737-70432755(-),5,AUTS2,Intron,NONE,High,3,3,OFF,UNCOVERseq,0.006,chr7,70432737,70432755,-,Tier3_3475
chr8,68480361,68480380,-,Tier3_3508,chr8:68480361-68480380(-),6,C8orf34,Intron,NONE,High,3,3,OFF,UNCOVERseq,0.006,chr8,68480361,68480380,-,Tier3_3508
chr7,71378493,71378512,+,Tier3_3513,chr7:71378493-71378512(+),6,GALNT17,Intron,NONE,High,3,3,OFF,UNCOVERseq,0.006,chr7,71378493,71378512,+,Tier3_3513
chr7,18803203,18803221,-,Tier3_3516,chr7:18803203-18803221(-),5,HDAC9,Intron,NONE,High,3,3,OFF,UNCOVERseq,0.006,chr7,18803203,18803221,-,Tier3_3516
chr21,46472822,46472841,+,Tier3_3521,chr21:46472822-46472841(+),6,DIP2A,Intron,NONE,High,3,3,OFF,UNCOVERseq,0.006,chr21,46472822,46472841,+,Tier3_3521
chr2,165492310,165492328,-,Tier3_3529,chr2:165492310-165492328(-),6,CSRNP3,Intron,NONE,High,3,3,OFF,UNCOVERseq,0.006,chr2,165492310,165492328,-,Tier3_3529
chr2,63035926,63035945,+,Tier3_3536,chr2:63035926-63035945(+),6,EHBP1,Intron,NONE,High,3,3,OFF,UNCOVERseq,0.006,chr2,63035926,63035945,+,Tier3_3536
chr10,86130708,86130727,-,Tier3_3540,chr10:86130708-86130727(-),6,GRID1,Intron,NONE,High,3,3,OFF,UNCOVERseq,0.006,chr10,86130708,86130727,-,Tier3_3540
chr22,49047750,49047769,-,Tier3_3552,chr22:49047750-49047769(-),6,LOC105373085,Exon,NONE,Low,3,3,OFF,UNCOVERseq,0.006,chr22,49047750,49047769,-,Tier3_3552
chr11,41045467,41045487,+,Tier3_3563,chr11:41045467-41045487(+),6,LRRC4C,Intron,NONE,High,3,3,OFF,UNCOVERseq,0.006,chr11,41045467,41045487,+,Tier3_3563
chr14,87940701,87940720,+,Tier3_3570,chr14:87940701-87940720(+),6,GALC,Intron,NONE,High,3,3,OFF,UNCOVERseq,0.006,chr14,87940701,87940720,+,Tier3_3570
chr2,210303457,210303476,-,Tier3_3592,chr2:210303457-210303476(-),6,MYL1,Intron,NONE,High,3,3,OFF,UNCOVERseq,0.006,chr2,210303457,210303476,-,Tier3_3592
chr7,126448792,126448811,-,Tier3_3691,chr7:126448792-126448811(-),6,GRM8,Intron,NONE,High,3,3,OFF,UNCOVERseq,0.005,chr7,126448792,126448811,-,Tier3_3691
chr6,163133400,163133419,+,Tier3_3694,chr6:163133400-163133419(+),6,PACRG,Intron,NONE,High,3,3,OFF,UNCOVERseq,0.005,chr6,163133400,163133419,+,Tier3_3694
chr16,7192026,7192044,+,Tier3_3707,chr16:7192026-7192044(+),6,RBFOX1,Intron,NONE,High,3,3,OFF,UNCOVERseq,0.005,chr16,7192026,7192044,+,Tier3_3707
chr1,237470172,237470191,-,Tier3_3711,chr1:237470172-237470191(-),6,RYR2,Intron,NONE,High,3,3,OFF,UNCOVERseq,0.005,chr1,237470172,237470191,-,Tier3_3711
chr3,181187362,181187381,-,Tier3_3718,chr3:181187362-181187381(-),6,SOX2-OT,Other,NONE,High,3,3,OFF,UNCOVERseq,0.005,chr3,181187362,181187381,-,Tier3_3718
chr15,82537011,82537030,+,Tier3_3751,chr15:82537011-82537030(+),6,RPS17,Intron,NONE,High,3,3,OFF,UNCOVERseq,0.005,chr15,82537011,82537030,+,Tier3_3751
chr3,174474884,174474902,+,Tier3_3774,chr3:174474884-174474902(+),6,NAALADL2,Other,NONE,High,3,3,OFF,UNCOVERseq,0.005,chr3,174474884,174474902,+,Tier3_3774
chr2,33111695,33111714,+,Tier3_3829,chr2:33111695-33111714(+),6,LTBP1,Intron,NONE,High,3,3,OFF,UNCOVERseq,0.005,chr2,33111695,33111714,+,Tier3_3829
chr1,245241009,245241028,-,Tier3_3849_insilico_ref104,chr1:245241009-245241028(-),3;NONE,KIF26B,Intron,NONE,High,3,3,OFF;NONE,UNCOVERseq;insilico,0.005;NONE,chr1,245241009,245241028,-,Tier3_3849;insilico_ref104
chr9,84950415,84950434,+,Tier3_3851,chr9:84950415-84950434(+),6,NTRK2,Intron,NONE,High,3,3,OFF,UNCOVERseq,0.005,chr9,84950415,84950434,+,Tier3_3851
chr7,69712057,69712076,-,Tier3_3857,chr7:69712057-69712076(-),6,AUTS2,Intron,NONE,High,3,3,OFF,UNCOVERseq,0.005,chr7,69712057,69712076,-,Tier3_3857
chr10,115732543,115732562,-,Tier3_3862,chr10:115732543-115732562(-),6,ATRNL1,Exon,NONE,High,3,3,OFF,UNCOVERseq,0.005,chr10,115732543,115732562,-,Tier3_3862
chr2,217498533,217498552,-,Tier3_3868,chr2:217498533-217498552(-),6,DIRC3,Other,NONE,High,3,3,OFF,UNCOVERseq,0.005,chr2,217498533,217498552,-,Tier3_3868
chr1,239652056,239652075,-,Tier3_3882,chr1:239652056-239652075(-),5,CHRM3,Intron,NONE,High,3,3,OFF,UNCOVERseq,0.005,chr1,239652056,239652075,-,Tier3_3882
chr8,47535416,47535431,+,Tier3_3887,chr8:47535416-47535431(+),6,SPIDR,Intron,NONE,High,3,3,OFF,UNCOVERseq,0.005,chr8,47535416,47535431,+,Tier3_3887
chr8,35701105,35701124,+,Tier3_3930,chr8:35701105-35701124(+),6,UNC5D,Intron,NONE,High,3,3,OFF,UNCOVERseq,0.005,chr8,35701105,35701124,+,Tier3_3930
chr8,14838202,14838221,+,Tier3_3931,chr8:14838202-14838221(+),6,SGCZ,Intron,NONE,High,3,3,OFF,UNCOVERseq,0.005,chr8,14838202,14838221,+,Tier3_3931
chr7,70515978,70515997,+,Tier3_3933,chr7:70515978-70515997(+),6,AUTS2,Intron,NONE,High,3,3,OFF,UNCOVERseq,0.005,chr7,70515978,70515997,+,Tier3_3933
chr4,20781669,20781688,-,Tier3_3942,chr4:20781669-20781688(-),6,KCNIP4,Intron,NONE,High,3,3,OFF,UNCOVERseq,0.005,chr4,20781669,20781688,-,Tier3_3942
chr7,69912031,69912051,-,Tier3_3953,chr7:69912031-69912051(-),6,AUTS2,Intron,NONE,High,3,3,OFF,UNCOVERseq,0.005,chr7,69912031,69912051,-,Tier3_3953
chr18,63794724,63794742,-,Tier3_3954,chr18:63794724-63794742(-),5,SERPINB7,Intron,NONE,High,3,3,OFF,UNCOVERseq,0.005,chr18,63794724,63794742,-,Tier3_3954
chr17,63272950,63272969,-,Tier3_3956,chr17:63272950-63272969(-),6,TANC2,Intron,NONE,High,3,3,OFF,UNCOVERseq,0.005,chr17,63272950,63272969,-,Tier3_3956
chr1,17094261,17094280,-,Tier3_3965,chr1:17094261-17094280(-),6,PADI2,Intron,NONE,High,3,3,OFF,UNCOVERseq,0.005,chr1,17094261,17094280,-,Tier3_3965
chr10,21216301,21216320,+,Tier3_3967,chr10:21216301-21216320(+),6,NEBL,Intron,NONE,High,3,3,OFF,UNCOVERseq,0.005,chr10,21216301,21216320,+,Tier3_3967
chr1,10647426,10647444,+,Tier3_5761,chr1:10647426-10647444(+),6,CASZ1,Exon,NONE,High,3,3,OFF,UNCOVERseq,0.004,chr1,10647426,10647444,+,Tier3_5761
chr11,130456094,130456112,-,Tier3_5762,chr11:130456094-130456112(-),4,ADAMTS15,Intron,NONE,High,3,3,OFF,UNCOVERseq,0.004,chr11,130456094,130456112,-,Tier3_5762
chr2,124452584,124452602,+,Tier3_5804,chr2:124452584-124452602(+),5,CNTNAP5,Intron,NONE,High,3,3,OFF,UNCOVERseq,0.004,chr2,124452584,124452602,+,Tier3_5804
chr19,57078815,57078834,+,Tier3_5807,chr19:57078815-57078834(+),6,LOC105372475,Exon,NONE,Low,3,3,OFF,UNCOVERseq,0.004,chr19,57078815,57078834,+,Tier3_5807
chr17,56444650,56444667,-,Tier3_5810,chr17:56444650-56444667(-),6,ANKFN1,Intron,NONE,High,3,3,OFF,UNCOVERseq,0.004,chr17,56444650,56444667,-,Tier3_5810
chr15,61135831,61135850,+,Tier3_5816,chr15:61135831-61135850(+),6,RORA,Intron,NONE,High,3,3,OFF,UNCOVERseq,0.004,chr15,61135831,61135850,+,Tier3_5816
chr10,19605660,19605677,-,Tier3_5863,chr10:19605660-19605677(-),6,MALRD1,Intron,NONE,High,3,3,OFF,UNCOVERseq,0.004,chr10,19605660,19605677,-,Tier3_5863
chr17,56446635,56446654,-,Tier3_5898,chr17:56446635-56446654(-),6,ANKFN1,Intron,NONE,High,3,3,OFF,UNCOVERseq,0.004,chr17,56446635,56446654,-,Tier3_5898
chr15,31026354,31026373,-,Tier3_5905,chr15:31026354-31026373(-),6,TRPM1,Intron,NONE,High,3,3,OFF,UNCOVERseq,0.004,chr15,31026354,31026373,-,Tier3_5905
chr5,22837216,22837233,+,Tier3_5923,chr5:22837216-22837233(+),6,CDH12,Intron,NONE,High,3,3,OFF,UNCOVERseq,0.004,chr5,22837216,22837233,+,Tier3_5923
chr4,24207052,24207070,-,Tier3_5930,chr4:24207052-24207070(-),6,PPARGC1A,Intron,NONE,High,3,3,OFF,UNCOVERseq,0.004,chr4,24207052,24207070,-,Tier3_5930
chr7,146746979,146746998,+,Tier3_5941,chr7:146746979-146746998(+),6,CNTNAP2,Intron,NONE,High,3,3,OFF,UNCOVERseq,0.004,chr7,146746979,146746998,+,Tier3_5941
chr3,243738,243757,+,Tier3_5989,chr3:243738-243757(+),5,CHL1,Intron,NONE,High,3,3,OFF,UNCOVERseq,0.004,chr3,243738,243757,+,Tier3_5989
chr14,103398393,103398411,-,Tier3_6006,chr14:103398393-103398411(-),5,MARK3,Intron,NONE,High,3,3,OFF,UNCOVERseq,0.004,chr14,103398393,103398411,-,Tier3_6006
chr14,21904295,21904314,-,Tier3_6026,chr14:21904295-21904314(-),6,TRAV8-5,Exon,NONE,Low,3,3,OFF,UNCOVERseq,0.004,chr14,21904295,21904314,-,Tier3_6026
chr1,217085851,217085870,+,Tier3_6032,chr1:217085851-217085870(+),6,ESRRG,Intron,NONE,High,3,3,OFF,UNCOVERseq,0.004,chr1,217085851,217085870,+,Tier3_6032
chr10,67320894,67320913,+,Tier3_6067,chr10:67320894-67320913(+),6,CTNNA3,Intron,NONE,High,3,3,OFF,UNCOVERseq,0.004,chr10,67320894,67320913,+,Tier3_6067
chr2,40360295,40360313,-,Tier3_6096,chr2:40360295-40360313(-),6,SLC8A1,Intron,NONE,High,3,3,OFF,UNCOVERseq,0.004,chr2,40360295,40360313,-,Tier3_6096
chr7,72160903,72160922,+,Tier3_6121,chr7:72160903-72160922(+),6,CALN1,Intron,NONE,High,3,3,OFF,UNCOVERseq,0.004,chr7,72160903,72160922,+,Tier3_6121
chr19,35902184,35902202,-,Tier3_6128,chr19:35902184-35902202(-),5,NFKBID,Exon,NONE,Med.,3,3,OFF,UNCOVERseq,0.004,chr19,35902184,35902202,-,Tier3_6128
chr7,121966570,121966589,-,Tier3_6147,chr7:121966570-121966589(-),6,PTPRZ1,Intron,NONE,High,3,3,OFF,UNCOVERseq,0.004,chr7,121966570,121966589,-,Tier3_6147
chr1,13956629,13956647,-,Tier3_6971,chr1:13956629-13956647(-),6,KAZN,Other,NONE,High,3,3,OFF,UNCOVERseq,0.003,chr1,13956629,13956647,-,Tier3_6971
chr15,27167025,27167044,-,Tier3_6988,chr15:27167025-27167044(-),6,GABRG3,Intron,NONE,High,3,3,OFF,UNCOVERseq,0.003,chr15,27167025,27167044,-,Tier3_6988
chr15,87937921,87937938,+,Tier3_6990,chr15:87937921-87937938(+),6,NTRK3,Intron,NONE,High,3,3,OFF,UNCOVERseq,0.003,chr15,87937921,87937938,+,Tier3_6990
chr2,137152181,137152200,-,Tier3_7004,chr2:137152181-137152200(-),6,THSD7B,Intron,NONE,High,3,3,OFF,UNCOVERseq,0.003,chr2,137152181,137152200,-,Tier3_7004
chr18,53376084,53376103,+,Tier3_7011,chr18:53376084-53376103(+),6,DCC,Intron,NONE,High,3,3,OFF,UNCOVERseq,0.003,chr18,53376084,53376103,+,Tier3_7011
chr15,41476063,41476082,+,Tier3_7040,chr15:41476063-41476082(+),6,RTF1,Intron,NONE,High,3,3,OFF,UNCOVERseq,0.003,chr15,41476063,41476082,+,Tier3_7040
chr3,11823135,11823154,-,Tier3_7081,chr3:11823135-11823154(-),6,TAMM41,Intron,NONE,High,3,3,OFF,UNCOVERseq,0.003,chr3,11823135,11823154,-,Tier3_7081
chr15,88239383,88239402,-,Tier3_7103,chr15:88239383-88239402(-),6,NTRK3,Intron,NONE,High,3,3,OFF,UNCOVERseq,0.003,chr15,88239383,88239402,-,Tier3_7103
chr18,13717809,13717828,+,Tier3_7106,chr18:13717809-13717828(+),6,FAM210A,Intron,NONE,High,3,3,OFF,UNCOVERseq,0.003,chr18,13717809,13717828,+,Tier3_7106
chr9,717754,717773,-,Tier3_7119,chr9:717754-717773(-),6,KANK1,Intron,NONE,High,3,3,OFF,UNCOVERseq,0.003,chr9,717754,717773,-,Tier3_7119
chr2,182227438,182227457,-,Tier3_7158,chr2:182227438-182227457(-),6,PDE1A,Intron,NONE,High,3,3,OFF,UNCOVERseq,0.003,chr2,182227438,182227457,-,Tier3_7158
chr20,9781222,9781241,+,Tier3_7159,chr20:9781222-9781241(+),6,PAK5,Intron,NONE,High,3,3,OFF,UNCOVERseq,0.003,chr20,9781222,9781241,+,Tier3_7159
chr7,70348401,70348420,-,Tier3_7169,chr7:70348401-70348420(-),5,AUTS2,Intron,NONE,High,3,3,OFF,UNCOVERseq,0.003,chr7,70348401,70348420,-,Tier3_7169
chr4,10189,10207,-,Tier3_7176,chr4:10189-10207(-),6,none,Intergenic,NONE,Low,3,3,OFF,UNCOVERseq,0.003,chr4,10189,10207,-,Tier3_7176
chr10,99899230,99899249,-,Tier3_7191_insilico_ref2458,chr10:99899230-99899249(-),4;NONE,DNMBP,Intron,NONE,High,3,3,OFF;NONE,UNCOVERseq;insilico,0.003;NONE,chr10,99899230,99899249,-,Tier3_7191;insilico_ref2458
chr9,29060792,29060813,+,Tier3_7192,chr9:29060792-29060813(+),5,LINGO2,Intron,NONE,High,3,3,OFF,UNCOVERseq,0.003,chr9,29060792,29060813,+,Tier3_7192
chrX,29762567,29762586,+,Tier3_7222,chrX:29762567-29762586(+),6,IL1RAPL1,Intron,NONE,High,3,3,OFF,UNCOVERseq,0.003,chrX,29762567,29762586,+,Tier3_7222
chr17,15631719,15631738,+,Tier3_7231,chr17:15631719-15631738(+),6,TRIM16,Intron,NONE,High,3,3,OFF,UNCOVERseq,0.003,chr17,15631719,15631738,+,Tier3_7231
chr14,57291174,57291193,-,Tier3_8139,chr14:57291174-57291193(-),6,AP5M1,Exon,NONE,Med.,3,3,OFF,UNCOVERseq,0.002,chr14,57291174,57291193,-,Tier3_8139
chr20,10297828,10297847,+,Tier3_8145,chr20:10297828-10297847(+),6,SNAP25,Intron,NONE,High,3,3,OFF,UNCOVERseq,0.002,chr20,10297828,10297847,+,Tier3_8145
chr6,152415410,152415429,+,Tier3_8166,chr6:152415410-152415429(+),6,SYNE1,Intron,NONE,High,3,3,OFF,UNCOVERseq,0.002,chr6,152415410,152415429,+,Tier3_8166
chr1,14077620,14077639,+,Tier3_8179,chr1:14077620-14077639(+),6,KAZN,Other,NONE,High,3,3,OFF,UNCOVERseq,0.002,chr1,14077620,14077639,+,Tier3_8179
chr13,66486137,66486159,+,Tier3_8186,chr13:66486137-66486159(+),6,PCDH9,Intron,NONE,High,3,3,OFF,UNCOVERseq,0.002,chr13,66486137,66486159,+,Tier3_8186
chr22,35923180,35923199,+,Tier3_8202,chr22:35923180-35923199(+),6,RBFOX2,Intron,NONE,High,3,3,OFF,UNCOVERseq,0.002,chr22,35923180,35923199,+,Tier3_8202
chr5,16508003,16508021,-,Tier3_8218,chr5:16508003-16508021(-),5,RETREG1,Intron,NONE,High,3,3,OFF,UNCOVERseq,0.002,chr5,16508003,16508021,-,Tier3_8218
chr11,70167770,70167789,-,Tier3_8238,chr11:70167770-70167789(-),6,ANO1,Intron,NONE,High,3,3,OFF,UNCOVERseq,0.002,chr11,70167770,70167789,-,Tier3_8238
chr15,92971194,92971212,+,Tier3_8281,chr15:92971194-92971212(+),5,CHD2,Intron,NONE,High,3,3,OFF,UNCOVERseq,0.002,chr15,92971194,92971212,+,Tier3_8281
chr20,42631651,42631668,-,Tier3_8295,chr20:42631651-42631668(-),5,PTPRT,Exon,NONE,High,3,3,OFF,UNCOVERseq,0.002,chr20,42631651,42631668,-,Tier3_8295
chr20,15139410,15139429,-,Tier3_8335,chr20:15139410-15139429(-),6,MACROD2,Intron,NONE,High,3,3,OFF,UNCOVERseq,0.002,chr20,15139410,15139429,-,Tier3_8335
chr3,173852059,173852078,+,Tier3_8345,chr3:173852059-173852078(+),6,NLGN1,Intron,NONE,High,3,3,OFF,UNCOVERseq,0.002,chr3,173852059,173852078,+,Tier3_8345
chr11,21056657,21056676,-,Tier3_8355,chr11:21056657-21056676(-),6,NELL1,Intron,NONE,High,3,3,OFF,UNCOVERseq,0.002,chr11,21056657,21056676,-,Tier3_8355
chr15,40012819,40012837,+,Tier3_8367,chr15:40012819-40012837(+),6,EIF2AK4,Intron,NONE,High,3,3,OFF,UNCOVERseq,0.002,chr15,40012819,40012837,+,Tier3_8367
chr16,68849941,68849960,-,Tier3_8393,chr16:68849941-68849960(-),6,TANGO6,Intron,NONE,High,3,3,OFF,UNCOVERseq,0.002,chr16,68849941,68849960,-,Tier3_8393
chr4,16878810,16878829,-,Tier3_8396,chr4:16878810-16878829(-),6,LDB2,Intron,NONE,High,3,3,OFF,UNCOVERseq,0.002,chr4,16878810,16878829,-,Tier3_8396
chr6,96958475,96958494,+,Tier3_8401,chr6:96958475-96958494(+),5,KLHL32,Intron,NONE,High,3,3,OFF,UNCOVERseq,0.002,chr6,96958475,96958494,+,Tier3_8401
chr3,181328407,181328425,+,Tier3_8420,chr3:181328407-181328425(+),6,SOX2-OT,Other,NONE,High,3,3,OFF,UNCOVERseq,0.002,chr3,181328407,181328425,+,Tier3_8420
chr8,126946903,126946922,+,Tier3_8429,chr8:126946903-126946922(+),5,LOC105375751,Other,NONE,High,3,3,OFF,UNCOVERseq,0.002,chr8,126946903,126946922,+,Tier3_8429
chr3,173409865,173409884,+,Tier3_8490,chr3:173409865-173409884(+),5,NLGN1,Exon,NONE,High,3,3,OFF,UNCOVERseq,0.002,chr3,173409865,173409884,+,Tier3_8490
chr15,88291329,88291348,+,Tier3_8494,chr15:88291329-88291348(+),6,LOC105370958,Exon,NONE,Low,3,3,OFF,UNCOVERseq,0.002,chr15,88291329,88291348,+,Tier3_8494
chr18,63275627,63275646,+,Tier3_8499,chr18:63275627-63275646(+),5,BCL2,Intron,NONE,High,3,3,OFF,UNCOVERseq,0.002,chr18,63275627,63275646,+,Tier3_8499
chr3,160902505,160902523,-,Tier3_8514,chr3:160902505-160902523(-),6,PPM1L,Intron,NONE,High,3,3,OFF,UNCOVERseq,0.002,chr3,160902505,160902523,-,Tier3_8514
chr5,2731879,2731898,+,Tier3_8759,chr5:2731879-2731898(+),6,IRX2,Other,NONE,High,3,3,OFF,UNCOVERseq,0.002,chr5,2731879,2731898,+,Tier3_8759
chr3,142698171,142698189,+,Tier3_9033,chr3:142698171-142698189(+),4,PLS1,Intron,NONE,High,3,3,OFF,UNCOVERseq,0.001,chr3,142698171,142698189,+,Tier3_9033
chr1,26190575,26190593,+,Tier3_9035,chr1:26190575-26190593(+),6,CATSPER4,Exon,NONE,Med.,3,3,OFF,UNCOVERseq,0.001,chr1,26190575,26190593,+,Tier3_9035
chr2,159963368,159963387,+,Tier3_9042,chr2:159963368-159963387(+),6,PLA2R1,Intron,NONE,High,3,3,OFF,UNCOVERseq,0.001,chr2,159963368,159963387,+,Tier3_9042
chr10,24472761,24472779,+,Tier3_9046,chr10:24472761-24472779(+),5,KIAA1217,Intron,NONE,High,3,3,OFF,UNCOVERseq,0.001,chr10,24472761,24472779,+,Tier3_9046
chr9,70274716,70274735,-,Tier3_9048,chr9:70274716-70274735(-),5,SMC5,Intron,NONE,High,3,3,OFF,UNCOVERseq,0.001,chr9,70274716,70274735,-,Tier3_9048
chr8,38840087,38840105,+,Tier3_9050,chr8:38840087-38840105(+),5,TACC1,Intron,NONE,High,3,3,OFF,UNCOVERseq,0.001,chr8,38840087,38840105,+,Tier3_9050
chr5,39245839,39245857,-,Tier3_9092,chr5:39245839-39245857(-),5,FYB1,Intron,NONE,High,3,3,OFF,UNCOVERseq,0.001,chr5,39245839,39245857,-,Tier3_9092
chr12,76356575,76356594,-,Insilico_ref2,chr12:76356575-76356594(-),NONE,OSBPL8,Intron,NONE,High,3,3,NONE,insilico,NONE,chr12,76356575,76356594,-,Insilico_ref2
chr7,111884003,111884022,-,Insilico_ref3,chr7:111884003-111884022(-),NONE,DOCK4,Intron,NONE,High,3,3,NONE,insilico,NONE,chr7,111884003,111884022,-,Insilico_ref3
chr1,76481515,76481532,-,Insilico_pop1,chr1:76481515-76481532(-),NONE,ST6GALNAC3,Intron,NONE,High,3,3,NONE,insilico,NONE,chr1,76481515,76481532,-,Insilico_pop1
chr5,145878053,145878071,+,Insilico_pop2,chr5:145878053-145878071(+),NONE,GRXCR2,Other,NONE,High,3,3,NONE,insilico,NONE,chr5,145878053,145878071,+,Insilico_pop2
chr5,158941785,158941803,+,Insilico_pop3,chr5:158941785-158941803(+),NONE,EBF1,Exon,NONE,High,3,3,NONE,insilico,NONE,chr5,158941785,158941803,+,Insilico_pop3
chr1,26452423,26452442,+,Insilico_ref5,chr1:26452423-26452442(+),NONE,DHDDS,Intron,NONE,High,3,3,NONE,insilico,NONE,chr1,26452423,26452442,+,Insilico_ref5
chr10,19492508,19492526,-,Insilico_ref6,chr10:19492508-19492526(-),NONE,MALRD1,Intron,NONE,High,3,3,NONE,insilico,NONE,chr10,19492508,19492526,-,Insilico_ref6
chr12,79424761,79424780,-,Insilico_ref7,chr12:79424761-79424780(-),NONE,SYT1,Intron,NONE,High,3,3,NONE,insilico,NONE,chr12,79424761,79424780,-,Insilico_ref7
chr13,108793552,108793572,+,Insilico_ref8,chr13:108793552-108793572(+),NONE,MYO16,Exon,NONE,High,3,3,NONE,insilico,NONE,chr13,108793552,108793572,+,Insilico_ref8
chr2,148893223,148893240,-,Insilico_ref10,chr2:148893223-148893240(-),NONE,KIF5C,Intron,NONE,High,3,3,NONE,insilico,NONE,chr2,148893223,148893240,-,Insilico_ref10
chr4,86348698,86348717,-,Insilico_pop37_insilico_ref11,chr4:86348698-86348717(-),NONE,MAPK10,Intron,NONE,High,3,3,NONE,insilico,NONE,chr4,86348698,86348717,-,Insilico_pop37;insilico_ref11
chr7,2797686,2797706,+,Insilico_ref12,chr7:2797686-2797706(+),NONE,GNA12,Intron,NONE,High,3,3,NONE,insilico,NONE,chr7,2797686,2797706,+,Insilico_ref12
