final_name	chr	start	stop	strand	prioritized	rank	sources_present	component_sources	component_names
Tier3_409	chr1	10647426	10647444	+	Y	115	UNCOVERseq	UNCOVERseq	Tier3_409
Tier6_196	chr1	11637006	11637025	+	N		UNCOVERseq	UNCOVERseq	Tier6_196
Tier3_494	chr1	13956629	13956647	-	Y	136	UNCOVERseq	UNCOVERseq	Tier3_494
Tier3_579	chr1	14077620	14077639	+	Y	158	UNCOVERseq	UNCOVERseq	Tier3_579
Tier3_276	chr1	17094261	17094280	-	Y	113	UNCOVERseq	UNCOVERseq	Tier3_276
Tier3_632	chr1	26190575	26190593	+	Y	180	UNCOVERseq	UNCOVERseq	Tier3_632
Tier6_559	chr1	26398337	26398356	-	N		UNCOVERseq	UNCOVERseq	Tier6_559
Tier6_322	chr1	47095923	47095942	+	N		UNCOVERseq	UNCOVERseq	Tier6_322
Tier6_342	chr1	49410612	49410633	+	N		UNCOVERseq	UNCOVERseq	Tier6_342
Tier6_384	chr1	60163868	60163887	-	N		UNCOVERseq	UNCOVERseq	Tier6_384
Tier6_320	chr1	70710971	70710990	-	N		UNCOVERseq	UNCOVERseq	Tier6_320
Tier6_343	chr1	79708027	79708046	-	N		UNCOVERseq	UNCOVERseq	Tier6_343
Tier6_70	chr1	80966441	80966460	+	N		UNCOVERseq	UNCOVERseq	Tier6_70
Tier6_446	chr1	81442136	81442154	-	N		UNCOVERseq	UNCOVERseq	Tier6_446
Tier6_246	chr1	91864788	91864807	-	N		UNCOVERseq	UNCOVERseq	Tier6_246
Tier6_444	chr1	99233530	99233546	-	N		UNCOVERseq	UNCOVERseq	Tier6_444
Tier6_206	chr1	101590282	101590301	+	N		UNCOVERseq	UNCOVERseq	Tier6_206
Tier6_169	chr1	110898718	110898737	+	N		UNCOVERseq	UNCOVERseq	Tier6_169
Tier6_645	chr1	111253841	111253859	+	N		UNCOVERseq	UNCOVERseq	Tier6_645
Tier6_344	chr1	143217498	143217516	-	N		UNCOVERseq	UNCOVERseq	Tier6_344
Tier6_607	chr1	163562562	163562581	+	N		UNCOVERseq	UNCOVERseq	Tier6_607
Tier6_443	chr1	164019441	164019460	+	N		UNCOVERseq	UNCOVERseq	Tier6_443
Tier3_16	chr1	168144492	168144511	+	Y	17	UNCOVERseq	UNCOVERseq	Tier3_16
Tier3_34	chr1	173967902	173967921	-	Y	31	UNCOVERseq	UNCOVERseq	Tier3_34
Tier6_566	chr1	205749247	205749265	-	N		UNCOVERseq	UNCOVERseq	Tier6_566
Tier3_427	chr1	217085851	217085870	+	Y	130	UNCOVERseq	UNCOVERseq	Tier3_427
Tier6_311	chr1	218069512	218069531	+	N		UNCOVERseq	UNCOVERseq	Tier6_311
Tier6_526	chr1	222725837	222725856	+	N		UNCOVERseq	UNCOVERseq	Tier6_526
Tier6_98	chr1	227853631	227853650	+	N		UNCOVERseq	UNCOVERseq	Tier6_98
Tier3_255	chr1	237470172	237470191	-	Y	93	UNCOVERseq	UNCOVERseq	Tier3_255
Tier3_267	chr1	239652056	239652075	-	Y	104	UNCOVERseq	UNCOVERseq	Tier3_267
Tier3_262	chr1	245241009	245241028	-	Y	99	UNCOVERseq	UNCOVERseq	Tier3_262
Tier3_418	chr10	19605660	19605677	-	Y	121	UNCOVERseq	UNCOVERseq	Tier3_418
Tier3_277	chr10	21216301	21216320	+	Y	114	UNCOVERseq	UNCOVERseq	Tier3_277
Tier3_634	chr10	24472761	24472779	+	Y	182	UNCOVERseq	UNCOVERseq	Tier3_634
Tier6_447	chr10	27571247	27571266	-	N		UNCOVERseq	UNCOVERseq	Tier6_447
Tier6_77	chr10	29817763	29817782	+	N		UNCOVERseq	UNCOVERseq	Tier6_77
Tier6_179	chr10	42877491	42877510	-	N		UNCOVERseq	UNCOVERseq	Tier6_179
Tier6_299	chr10	56208833	56208852	-	N		UNCOVERseq	UNCOVERseq	Tier6_299
Tier6_522	chr10	57164162	57164181	-	N		UNCOVERseq	UNCOVERseq	Tier6_522
Tier6_493	chr10	57583224	57583243	+	N		UNCOVERseq	UNCOVERseq	Tier6_493
Tier3_428	chr10	67320894	67320913	+	Y	131	UNCOVERseq	UNCOVERseq	Tier3_428
Tier3_141	chr10	77438574	77438593	+	Y	69	UNCOVERseq	UNCOVERseq	Tier3_141
Tier6_442	chr10	85285380	85285397	-	N		UNCOVERseq	UNCOVERseq	Tier6_442
Tier3_235	chr10	86130708	86130727	-	Y	85	UNCOVERseq	UNCOVERseq	Tier3_235
Tier6_100	chr10	90867819	90867838	+	N		UNCOVERseq	UNCOVERseq	Tier6_100
Tier3_509	chr10	99899230	99899249	-	Y	151	UNCOVERseq	UNCOVERseq	Tier3_509
Tier6_543	chr10	109763631	109763650	+	N		UNCOVERseq	UNCOVERseq	Tier6_543
Tier3_265	chr10	115732543	115732562	-	Y	102	UNCOVERseq	UNCOVERseq	Tier3_265
Tier6_151	chr10	116512786	116512805	+	N		UNCOVERseq	UNCOVERseq	Tier6_151
Tier6_102	chr10	123430990	123431010	+	N		UNCOVERseq	UNCOVERseq	Tier6_102
Tier3_258	chr10	133688269	133688288	-	Y	96	UNCOVERseq	UNCOVERseq	Tier3_258
Tier6_515	chr10	133689819	133689838	+	N		UNCOVERseq	UNCOVERseq	Tier6_515
Tier3_588	chr11	21056657	21056676	-	Y	167	UNCOVERseq	UNCOVERseq	Tier3_588
Tier6_385	chr11	28093294	28093313	-	N		UNCOVERseq	UNCOVERseq	Tier6_385
Tier6_405	chr11	29519088	29519107	-	N		UNCOVERseq	UNCOVERseq	Tier6_405
Tier3_140	chr11	30052979	30052998	-	Y	68	UNCOVERseq	UNCOVERseq	Tier3_140
Tier6_542	chr11	30759946	30759965	-	N		UNCOVERseq	UNCOVERseq	Tier6_542
Tier6_71	chr11	30803056	30803075	+	N		UNCOVERseq	UNCOVERseq	Tier6_71
Tier3_237	chr11	41045467	41045487	+	Y	87	UNCOVERseq	UNCOVERseq	Tier3_237
Tier6_197	chr11	42334948	42334967	-	N		UNCOVERseq	UNCOVERseq	Tier6_197
Tier6_189	chr11	42361906	42361924	-	N		UNCOVERseq	UNCOVERseq	Tier6_189
Tier6_298	chr11	42754280	42754299	+	N		UNCOVERseq	UNCOVERseq	Tier6_298
Tier6_492	chr11	43509450	43509467	-	N		UNCOVERseq	UNCOVERseq	Tier6_492
Tier6_406	chr11	49631222	49631240	+	N		UNCOVERseq	UNCOVERseq	Tier6_406
Tier3_94	chr11	56318538	56318557	+	Y	50	UNCOVERseq	UNCOVERseq	Tier3_94
Tier6_491	chr11	56579588	56579606	+	N		UNCOVERseq	UNCOVERseq	Tier6_491
Tier6_615	chr11	56828776	56828795	+	N		UNCOVERseq	UNCOVERseq	Tier6_615
Tier3_145	chr11	65425247	65425266	+	Y	71	UNCOVERseq	UNCOVERseq	Tier3_145
Tier6_541	chr11	67502935	67502955	-	N		UNCOVERseq	UNCOVERseq	Tier6_541
Tier6_407	chr11	68999962	68999979	-	N		UNCOVERseq	UNCOVERseq	Tier6_407
Tier6_386	chr11	69038091	69038111	+	N		UNCOVERseq	UNCOVERseq	Tier6_386
Tier6_438	chr11	69584391	69584410	-	N		UNCOVERseq	UNCOVERseq	Tier6_438
Tier6_251	chr11	69668660	69668679	-	N		UNCOVERseq	UNCOVERseq	Tier6_251
Tier3_583	chr11	70167770	70167789	-	Y	162	UNCOVERseq	UNCOVERseq	Tier3_583
Tier6_376	chr11	79848104	79848123	+	N		UNCOVERseq	UNCOVERseq	Tier6_376
Tier3_26	chr11	80947774	80947793	+	Y	26	UNCOVERseq	UNCOVERseq	Tier3_26
Tier6_63	chr11	81095321	81095339	+	N		UNCOVERseq	UNCOVERseq	Tier6_63
Tier6_336	chr11	81183194	81183213	+	N		UNCOVERseq	UNCOVERseq	Tier6_336
Tier6_303	chr11	82236923	82236942	-	N		UNCOVERseq	UNCOVERseq	Tier6_303
Tier6_109	chr11	91703164	91703183	-	N		UNCOVERseq	UNCOVERseq	Tier6_109
Tier6_314	chr11	96258267	96258286	-	N		UNCOVERseq	UNCOVERseq	Tier6_314
Tier6_324	chr11	124700958	124700977	-	N		UNCOVERseq	UNCOVERseq	Tier6_324
Tier3_410	chr11	130456094	130456112	-	Y	116	UNCOVERseq	UNCOVERseq	Tier3_410
Tier6_161	chr12	5471127	5471146	-	N		UNCOVERseq	UNCOVERseq	Tier6_161
Tier6_213	chr12	14954898	14954917	-	N		UNCOVERseq	UNCOVERseq	Tier6_213
Tier6_200	chr12	17307778	17307797	-	N		UNCOVERseq	UNCOVERseq	Tier6_200
Tier6_287	chr12	24842786	24842805	+	N		UNCOVERseq	UNCOVERseq	Tier6_287
Tier6_554	chr12	29105218	29105237	-	N		UNCOVERseq	UNCOVERseq	Tier6_554
Tier3_8	chr12	29152440	29152459	-	Y	9	UNCOVERseq	UNCOVERseq	Tier3_8
Tier6_207	chr12	37817293	37817310	-	N		UNCOVERseq	UNCOVERseq	Tier6_207
Tier6_68	chr12	38114609	38114628	+	N		UNCOVERseq	UNCOVERseq	Tier6_68
Tier6_198	chr12	44693079	44693098	+	N		UNCOVERseq	UNCOVERseq	Tier6_198
Tier6_516	chr12	47259940	47259959	-	N		UNCOVERseq	UNCOVERseq	Tier6_516
Tier6_245	chr12	58050200	58050219	+	N		UNCOVERseq	UNCOVERseq	Tier6_245
Tier6_172	chr12	59472249	59472267	+	N		UNCOVERseq	UNCOVERseq	Tier6_172
Tier6_32	chr12	62387180	62387199	+	N		UNCOVERseq	UNCOVERseq	Tier6_32
Tier3_124	chr12	65318822	65318841	-	Y	54	UNCOVERseq	UNCOVERseq	Tier3_124
Tier6_67	chr12	68278195	68278214	+	N		UNCOVERseq	UNCOVERseq	Tier6_67
Tier6_289	chr12	72603052	72603073	+	N		UNCOVERseq	UNCOVERseq	Tier6_289
Tier3_7	chr12	88184372	88184391	-	Y	8	UNCOVERseq	UNCOVERseq	Tier3_7
Tier6_610	chr12	88586481	88586500	-	N		UNCOVERseq	UNCOVERseq	Tier6_610
Tier6_305	chr12	94477333	94477352	+	N		UNCOVERseq	UNCOVERseq	Tier6_305
Tier3_93	chr12	111517151	111517169	+	Y	49	UNCOVERseq	UNCOVERseq	Tier3_93
OnT	chr12	111518253	111518272	-	Y	1	UNCOVERseq	UNCOVERseq	OnT
Tier3_4	chr12	111518749	111518768	-	Y	5	UNCOVERseq	UNCOVERseq	Tier3_4
Tier3_5	chr12	111519174	111519194	-	Y	6	UNCOVERseq	UNCOVERseq	Tier3_5
Tier6_379	chr12	120015530	120015548	-	N		UNCOVERseq	UNCOVERseq	Tier6_379
Tier6_468	chr12	122940644	122940662	-	N		UNCOVERseq	UNCOVERseq	Tier6_468
Tier6_617	chr12	127838175	127838194	-	N		UNCOVERseq	UNCOVERseq	Tier6_617
Tier3_47	chr12	131791053	131791072	+	Y	38	UNCOVERseq	UNCOVERseq	Tier3_47
Tier6_24	chr13	18211992	18212009	-	N		UNCOVERseq	UNCOVERseq	Tier6_24
Tier6_467	chr13	26126033	26126052	+	N		UNCOVERseq	UNCOVERseq	Tier6_467
Tier3_129	chr13	36083346	36083365	-	Y	58	UNCOVERseq	UNCOVERseq	Tier3_129
Tier6_178	chr13	56025528	56025547	+	N		UNCOVERseq	UNCOVERseq	Tier6_178
Tier6_247	chr13	65174021	65174039	-	N		UNCOVERseq	UNCOVERseq	Tier6_247
Tier3_580	chr13	66486137	66486159	+	Y	159	UNCOVERseq	UNCOVERseq	Tier3_580
Tier6_524	chr13	68892754	68892773	-	N		UNCOVERseq	UNCOVERseq	Tier6_524
Tier6_534	chr13	69323672	69323691	+	N		UNCOVERseq	UNCOVERseq	Tier6_534
Tier6_437	chr13	78949703	78949722	-	N		UNCOVERseq	UNCOVERseq	Tier6_437
Tier6_248	chr13	86552815	86552834	-	N		UNCOVERseq	UNCOVERseq	Tier6_248
Tier3_426	chr14	21904295	21904314	-	Y	129	UNCOVERseq	UNCOVERseq	Tier3_426
Tier6_210	chr14	25670835	25670852	+	N		UNCOVERseq	UNCOVERseq	Tier6_210
Tier6_45	chr14	25698804	25698823	-	N		UNCOVERseq	UNCOVERseq	Tier6_45
Tier6_168	chr14	26316223	26316242	+	N		UNCOVERseq	UNCOVERseq	Tier6_168
Tier3_225	chr14	32094377	32094396	+	Y	75	UNCOVERseq	UNCOVERseq	Tier3_225
Tier6_525	chr14	41537086	41537103	-	N		UNCOVERseq	UNCOVERseq	Tier6_525
Tier6_396	chr14	41622942	41622961	+	N		UNCOVERseq	UNCOVERseq	Tier6_396
Tier6_201	chr14	48376152	48376171	+	N		UNCOVERseq	UNCOVERseq	Tier6_201
Tier6_364	chr14	54302542	54302561	+	N		UNCOVERseq	UNCOVERseq	Tier6_364
Tier3_576	chr14	57291174	57291193	-	Y	155	UNCOVERseq	UNCOVERseq	Tier3_576
Tier6_490	chr14	59075590	59075609	-	N		UNCOVERseq	UNCOVERseq	Tier6_490
Tier6_202	chr14	72484829	72484849	+	N		UNCOVERseq	UNCOVERseq	Tier6_202
Tier3_41	chr14	80212103	80212122	-	Y	37	UNCOVERseq	UNCOVERseq	Tier3_41
Tier6_439	chr14	84536265	84536284	+	N		UNCOVERseq	UNCOVERseq	Tier6_439
Tier6_570	chr14	87700442	87700461	-	N		UNCOVERseq	UNCOVERseq	Tier6_570
Tier3_240	chr14	87940701	87940720	+	Y	88	UNCOVERseq	UNCOVERseq	Tier3_240
Tier6_107	chr14	98852286	98852305	-	N		UNCOVERseq	UNCOVERseq	Tier6_107
Tier3_425	chr14	103398393	103398411	-	Y	128	UNCOVERseq	UNCOVERseq	Tier3_425
Tier6_286	chr15	20668703	20668723	+	N		UNCOVERseq	UNCOVERseq	Tier6_286
Tier3_495	chr15	27167025	27167044	-	Y	137	UNCOVERseq	UNCOVERseq	Tier3_495
Tier3_420	chr15	31026354	31026373	-	Y	123	UNCOVERseq	UNCOVERseq	Tier3_420
Tier3_589	chr15	40012819	40012837	+	Y	168	UNCOVERseq	UNCOVERseq	Tier3_589
Tier3_499	chr15	41476063	41476082	+	Y	141	UNCOVERseq	UNCOVERseq	Tier3_499
Tier6_76	chr15	47880852	47880871	+	N		UNCOVERseq	UNCOVERseq	Tier6_76
Tier3_414	chr15	61135831	61135850	+	Y	120	UNCOVERseq	UNCOVERseq	Tier3_414
Tier6_622	chr15	73562552	73562571	-	N		UNCOVERseq	UNCOVERseq	Tier6_622
Tier6_380	chr15	81494217	81494236	-	N		UNCOVERseq	UNCOVERseq	Tier6_380
Tier3_257	chr15	82537011	82537030	+	Y	95	UNCOVERseq	UNCOVERseq	Tier3_257
Tier3_136	chr15	86448652	86448671	-	Y	64	UNCOVERseq	UNCOVERseq	Tier3_136
Tier3_496	chr15	87937921	87937938	+	Y	138	UNCOVERseq	UNCOVERseq	Tier3_496
Tier3_53	chr15	88113824	88113843	-	Y	40	UNCOVERseq	UNCOVERseq	Tier3_53
Tier3_501	chr15	88239383	88239402	-	Y	143	UNCOVERseq	UNCOVERseq	Tier3_501
Tier3_596	chr15	88291329	88291348	+	Y	175	UNCOVERseq	UNCOVERseq	Tier3_596
Tier6_646	chr15	91798371	91798390	+	N		UNCOVERseq	UNCOVERseq	Tier6_646
Tier3_584	chr15	92971194	92971212	+	Y	163	UNCOVERseq	UNCOVERseq	Tier3_584
Tier6_167	chr15	93871225	93871245	-	N		UNCOVERseq	UNCOVERseq	Tier6_167
Tier6_350	chr15	95615032	95615051	-	N		UNCOVERseq	UNCOVERseq	Tier6_350
Tier6_471	chr15	101877946	101877965	+	N		UNCOVERseq	UNCOVERseq	Tier6_471
Tier3_254	chr16	7192026	7192044	+	Y	92	UNCOVERseq	UNCOVERseq	Tier3_254
Tier6_372	chr16	9499303	9499322	+	N		UNCOVERseq	UNCOVERseq	Tier6_372
Tier6_536	chr16	13735081	13735100	+	N		UNCOVERseq	UNCOVERseq	Tier6_536
Tier6_183	chr16	60612749	60612768	+	N		UNCOVERseq	UNCOVERseq	Tier6_183
Tier6_302	chr16	61431443	61431462	-	N		UNCOVERseq	UNCOVERseq	Tier6_302
Tier3_590	chr16	68849941	68849960	-	Y	169	UNCOVERseq	UNCOVERseq	Tier3_590
Tier6_162	chr16	71428316	71428335	-	N		UNCOVERseq	UNCOVERseq	Tier6_162
Tier6_647	chr16	79769977	79769996	+	N		UNCOVERseq	UNCOVERseq	Tier6_647
Tier6_171	chr16	82566850	82566869	-	N		UNCOVERseq	UNCOVERseq	Tier6_171
Tier6_365	chr17	3113978	3113997	+	N		UNCOVERseq	UNCOVERseq	Tier6_365
Tier6_288	chr17	12232541	12232561	+	N		UNCOVERseq	UNCOVERseq	Tier6_288
Tier3_512	chr17	15631719	15631738	+	Y	154	UNCOVERseq	UNCOVERseq	Tier3_512
Tier3_25	chr17	23016400	23016418	+	Y	25	UNCOVERseq	UNCOVERseq	Tier3_25
Tier6_440	chr17	26595009	26595028	-	N		UNCOVERseq	UNCOVERseq	Tier6_440
Tier3_14	chr17	26603684	26603703	-	Y	15	UNCOVERseq	UNCOVERseq	Tier3_14
Tier3_31	chr17	26619449	26619468	-	Y	29	UNCOVERseq	UNCOVERseq	Tier3_31
Tier6_611	chr17	26714852	26714871	-	N		UNCOVERseq	UNCOVERseq	Tier6_611
Tier6_113	chr17	26771317	26771335	+	N		UNCOVERseq	UNCOVERseq	Tier6_113
Tier3_12	chr17	26885643	26885662	+	Y	13	UNCOVERseq	UNCOVERseq	Tier3_12
Tier6_80	chr17	52469096	52469115	-	N		UNCOVERseq	UNCOVERseq	Tier6_80
Tier6_112	chr17	54902841	54902860	-	N		UNCOVERseq	UNCOVERseq	Tier6_112
Tier3_413	chr17	56444650	56444667	-	Y	119	UNCOVERseq	UNCOVERseq	Tier3_413
Tier3_419	chr17	56446635	56446654	-	Y	122	UNCOVERseq	UNCOVERseq	Tier3_419
Tier3_138	chr17	61259884	61259901	-	Y	66	UNCOVERseq	UNCOVERseq	Tier3_138
Tier3_275	chr17	63272950	63272969	-	Y	112	UNCOVERseq	UNCOVERseq	Tier3_275
Tier6_190	chr17	69908343	69908361	-	N		UNCOVERseq	UNCOVERseq	Tier6_190
Tier6_108	chr17	78273916	78273935	-	N		UNCOVERseq	UNCOVERseq	Tier6_108
Tier3_65	chr18	107959	107978	-	Y	44	UNCOVERseq	UNCOVERseq	Tier3_65
Tier2_28	chr18	109305	109324	+	Y	28	UNCOVERseq	UNCOVERseq	Tier2_28
Tier3_23	chr18	109458	109477	-	Y	24	UNCOVERseq	UNCOVERseq	Tier3_23
Tier6_111	chr18	109595	109614	-	N		UNCOVERseq	UNCOVERseq	Tier6_111
Tier6_88	chr18	111030	111049	-	N		UNCOVERseq	UNCOVERseq	Tier6_88
Tier3_139	chr18	3143017	3143036	+	Y	67	UNCOVERseq	UNCOVERseq	Tier3_139
Tier3_17	chr18	4258818	4258837	-	Y	18	UNCOVERseq	UNCOVERseq	Tier3_17
Tier6_156	chr18	5951895	5951914	-	N		UNCOVERseq	UNCOVERseq	Tier6_156
Tier6_69	chr18	11524769	11524786	+	N		UNCOVERseq	UNCOVERseq	Tier6_69
Tier3_502	chr18	13717809	13717828	+	Y	144	UNCOVERseq	UNCOVERseq	Tier3_502
Tier6_78	chr18	13974400	13974419	+	N		UNCOVERseq	UNCOVERseq	Tier6_78
Tier3_15	chr18	21263829	21263848	+	Y	16	UNCOVERseq	UNCOVERseq	Tier3_15
Tier6_160	chr18	24802426	24802444	-	N		UNCOVERseq	UNCOVERseq	Tier6_160
Tier6_351	chr18	38737824	38737843	-	N		UNCOVERseq	UNCOVERseq	Tier6_351
Tier6_361	chr18	43126784	43126803	+	N		UNCOVERseq	UNCOVERseq	Tier6_361
Tier6_601	chr18	44081990	44082009	+	N		UNCOVERseq	UNCOVERseq	Tier6_601
Tier6_604	chr18	51930247	51930266	+	N		UNCOVERseq	UNCOVERseq	Tier6_604
Tier3_498	chr18	53376084	53376103	+	Y	140	UNCOVERseq	UNCOVERseq	Tier3_498
Tier6_408	chr18	60376782	60376801	+	N		UNCOVERseq	UNCOVERseq	Tier6_408
Tier3_91	chr18	62811030	62811049	+	Y	47	UNCOVERseq	UNCOVERseq	Tier3_91
Tier3_597	chr18	63275627	63275646	+	Y	176	UNCOVERseq	UNCOVERseq	Tier3_597
Tier3_274	chr18	63794724	63794742	-	Y	111	UNCOVERseq	UNCOVERseq	Tier3_274
Tier6_194	chr18	63914938	63914956	-	N		UNCOVERseq	UNCOVERseq	Tier6_194
Tier6_159	chr18	71206237	71206256	-	N		UNCOVERseq	UNCOVERseq	Tier6_159
Tier6_571	chr19	7300288	7300306	-	N		UNCOVERseq	UNCOVERseq	Tier6_571
Tier6_42	chr19	13883951	13883970	-	N		UNCOVERseq	UNCOVERseq	Tier6_42
Tier6_397	chr19	17466544	17466563	+	N		UNCOVERseq	UNCOVERseq	Tier6_397
Tier6_537	chr19	19168242	19168261	-	N		UNCOVERseq	UNCOVERseq	Tier6_537
Tier6_398	chr19	20519609	20519628	-	N		UNCOVERseq	UNCOVERseq	Tier6_398
Tier6_278	chr19	20646579	20646598	+	N		UNCOVERseq	UNCOVERseq	Tier6_278
Tier6_563	chr19	20946744	20946763	-	N		UNCOVERseq	UNCOVERseq	Tier6_563
Tier6_513	chr19	21127742	21127761	-	N		UNCOVERseq	UNCOVERseq	Tier6_513
Tier6_395	chr19	23101968	23101987	-	N		UNCOVERseq	UNCOVERseq	Tier6_395
Tier6_394	chr19	23467801	23467820	-	N		UNCOVERseq	UNCOVERseq	Tier6_394
Tier6_375	chr19	28178669	28178688	+	N		UNCOVERseq	UNCOVERseq	Tier6_375
Tier3_431	chr19	35902184	35902202	-	Y	134	UNCOVERseq	UNCOVERseq	Tier3_431
Tier3_412	chr19	57078815	57078834	+	Y	118	UNCOVERseq	UNCOVERseq	Tier3_412
Tier6_214	chr2	6570133	6570152	-	N		UNCOVERseq	UNCOVERseq	Tier6_214
Tier6_281	chr2	18166930	18166949	-	N		UNCOVERseq	UNCOVERseq	Tier6_281
Tier5_143	chr2	19359297	19359316	+	N		UNCOVERseq	UNCOVERseq	Tier5_143
Tier3_90	chr2	29699565	29699584	+	Y	46	UNCOVERseq	UNCOVERseq	Tier3_90
Tier3_261	chr2	33111695	33111714	+	Y	98	UNCOVERseq	UNCOVERseq	Tier3_261
Tier3_92	chr2	40162942	40162961	-	Y	48	UNCOVERseq	UNCOVERseq	Tier3_92
Tier3_429	chr2	40360295	40360313	-	Y	132	UNCOVERseq	UNCOVERseq	Tier3_429
Tier3_11	chr2	48005674	48005693	-	Y	12	UNCOVERseq	UNCOVERseq	Tier3_11
Tier6_347	chr2	49614003	49614022	-	N		UNCOVERseq	UNCOVERseq	Tier6_347
Tier5_417	chr2	54164072	54164091	+	N		UNCOVERseq	UNCOVERseq	Tier5_417
Tier3_234	chr2	63035926	63035945	+	Y	84	UNCOVERseq	UNCOVERseq	Tier3_234
Tier6_326	chr2	66711152	66711171	-	N		UNCOVERseq	UNCOVERseq	Tier6_326
Tier3_123	chr2	72278649	72278668	-	Y	53	UNCOVERseq	UNCOVERseq	Tier3_123
Tier6_184	chr2	78450519	78450538	+	N		UNCOVERseq	UNCOVERseq	Tier6_184
Tier3_58	chr2	79546642	79546661	+	Y	43	UNCOVERseq	UNCOVERseq	Tier3_58
Tier6_313	chr2	81536685	81536703	+	N		UNCOVERseq	UNCOVERseq	Tier6_313
Tier6_61	chr2	82224578	82224597	-	N		UNCOVERseq	UNCOVERseq	Tier6_61
Tier6_565	chr2	82285521	82285540	-	N		UNCOVERseq	UNCOVERseq	Tier6_565
Tier6_155	chr2	82327457	82327476	-	N		UNCOVERseq	UNCOVERseq	Tier6_155
Tier6_441	chr2	94243366	94243383	+	N		UNCOVERseq	UNCOVERseq	Tier6_441
Tier6_250	chr2	102358356	102358372	+	N		UNCOVERseq	UNCOVERseq	Tier6_250
Tier6_177	chr2	104239191	104239210	+	N		UNCOVERseq	UNCOVERseq	Tier6_177
Tier6_455	chr2	105965032	105965051	-	N		UNCOVERseq	UNCOVERseq	Tier6_455
Tier6_176	chr2	106320558	106320577	-	N		UNCOVERseq	UNCOVERseq	Tier6_176
Tier6_215	chr2	114155348	114155367	-	N		UNCOVERseq	UNCOVERseq	Tier6_215
Tier6_73	chr2	114308468	114308487	-	N		UNCOVERseq	UNCOVERseq	Tier6_73
Tier6_175	chr2	116156609	116156628	-	N		UNCOVERseq	UNCOVERseq	Tier6_175
Tier6_463	chr2	116647835	116647854	+	N		UNCOVERseq	UNCOVERseq	Tier6_463
Tier6_641	chr2	117276500	117276519	+	N		UNCOVERseq	UNCOVERseq	Tier6_641
Tier6_220	chr2	118076068	118076087	+	N		UNCOVERseq	UNCOVERseq	Tier6_220
Tier6_400	chr2	122763605	122763623	+	N		UNCOVERseq	UNCOVERseq	Tier6_400
Tier6_548	chr2	123039707	123039726	+	N		UNCOVERseq	UNCOVERseq	Tier6_548
Tier6_391	chr2	123142022	123142041	+	N		UNCOVERseq	UNCOVERseq	Tier6_391
Tier6_373	chr2	123669193	123669212	-	N		UNCOVERseq	UNCOVERseq	Tier6_373
Tier3_411	chr2	124452584	124452602	+	Y	117	UNCOVERseq	UNCOVERseq	Tier3_411
Tier6_392	chr2	125371533	125371550	-	N		UNCOVERseq	UNCOVERseq	Tier6_392
Tier6_470	chr2	125861049	125861068	+	N		UNCOVERseq	UNCOVERseq	Tier6_470
Tier6_117	chr2	126211865	126211884	-	N		UNCOVERseq	UNCOVERseq	Tier6_117
Tier3_137	chr2	129982414	129982433	+	Y	65	UNCOVERseq	UNCOVERseq	Tier3_137
Tier6_436	chr2	134405654	134405673	-	N		UNCOVERseq	UNCOVERseq	Tier6_436
Tier3_497	chr2	137152181	137152200	-	Y	139	UNCOVERseq	UNCOVERseq	Tier3_497
Tier6_249	chr2	142568178	142568197	+	N		UNCOVERseq	UNCOVERseq	Tier6_249
Tier6_348	chr2	145100107	145100126	-	N		UNCOVERseq	UNCOVERseq	Tier6_348
Tier6_401	chr2	146516648	146516667	-	N		UNCOVERseq	UNCOVERseq	Tier6_401
Tier6_454	chr2	151230596	151230615	-	N		UNCOVERseq	UNCOVERseq	Tier6_454
Tier6_165	chr2	152138994	152139013	+	N		UNCOVERseq	UNCOVERseq	Tier6_165
Tier6_221	chr2	153102409	153102428	-	N		UNCOVERseq	UNCOVERseq	Tier6_221
Tier3_633	chr2	159963368	159963387	+	Y	181	UNCOVERseq	UNCOVERseq	Tier3_633
Tier6_553	chr2	163176286	163176305	+	N		UNCOVERseq	UNCOVERseq	Tier6_553
Tier3_233	chr2	165492310	165492328	-	Y	83	UNCOVERseq	UNCOVERseq	Tier3_233
Tier6_435	chr2	173921448	173921467	+	N		UNCOVERseq	UNCOVERseq	Tier6_435
Tier3_505	chr2	182227438	182227457	-	Y	147	UNCOVERseq	UNCOVERseq	Tier3_505
Tier5_321	chr2	185438478	185438497	+	N		UNCOVERseq	UNCOVERseq	Tier5_321
Tier5_86	chr2	190728150	190728169	+	N		UNCOVERseq	UNCOVERseq	Tier5_86
Tier6_174	chr2	192570449	192570468	+	N		UNCOVERseq	UNCOVERseq	Tier6_174
Tier6_280	chr2	194567183	194567201	-	N		UNCOVERseq	UNCOVERseq	Tier6_280
Tier3_37	chr2	196344134	196344153	+	Y	34	UNCOVERseq	UNCOVERseq	Tier3_37
Tier6_310	chr2	198601153	198601172	+	N		UNCOVERseq	UNCOVERseq	Tier6_310
Tier6_362	chr2	198797496	198797515	+	N		UNCOVERseq	UNCOVERseq	Tier6_362
Tier6_369	chr2	198912204	198912223	-	N		UNCOVERseq	UNCOVERseq	Tier6_369
Tier3_241	chr2	210303457	210303476	-	Y	89	UNCOVERseq	UNCOVERseq	Tier3_241
Tier6_456	chr2	214431917	214431936	-	N		UNCOVERseq	UNCOVERseq	Tier6_456
Tier3_266	chr2	217498533	217498552	-	Y	103	UNCOVERseq	UNCOVERseq	Tier3_266
Tier6_433	chr2	220311103	220311122	+	N		UNCOVERseq	UNCOVERseq	Tier6_433
Tier6_459	chr2	221275525	221275544	-	N		UNCOVERseq	UNCOVERseq	Tier6_459
Tier6_457	chr2	221593944	221593961	-	N		UNCOVERseq	UNCOVERseq	Tier6_457
Tier6_293	chr2	222027126	222027144	+	N		UNCOVERseq	UNCOVERseq	Tier6_293
Tier6_349	chr2	223305532	223305550	+	N		UNCOVERseq	UNCOVERseq	Tier6_349
Tier6_538	chr2	225063034	225063053	-	N		UNCOVERseq	UNCOVERseq	Tier6_538
Tier6_374	chr2	234122775	234122793	+	N		UNCOVERseq	UNCOVERseq	Tier6_374
Tier6_552	chr2	239656975	239656993	-	N		UNCOVERseq	UNCOVERseq	Tier6_552
Tier6_547	chr20	1763299	1763318	-	N		UNCOVERseq	UNCOVERseq	Tier6_547
Tier6_82	chr20	2054912	2054931	-	N		UNCOVERseq	UNCOVERseq	Tier6_82
Tier6_297	chr20	2577335	2577354	+	N		UNCOVERseq	UNCOVERseq	Tier6_297
Tier6_46	chr20	4683227	4683246	-	N		UNCOVERseq	UNCOVERseq	Tier6_46
Tier6_279	chr20	8983216	8983234	+	N		UNCOVERseq	UNCOVERseq	Tier6_279
Tier3_506	chr20	9781222	9781241	+	Y	148	UNCOVERseq	UNCOVERseq	Tier3_506
Tier3_577	chr20	10297828	10297847	+	Y	156	UNCOVERseq	UNCOVERseq	Tier3_577
Tier6_434	chr20	10679805	10679824	+	N		UNCOVERseq	UNCOVERseq	Tier6_434
Tier6_363	chr20	12285617	12285634	+	N		UNCOVERseq	UNCOVERseq	Tier6_363
Tier6_612	chr20	13991606	13991625	-	N		UNCOVERseq	UNCOVERseq	Tier6_612
Tier3_586	chr20	15139410	15139429	-	Y	165	UNCOVERseq	UNCOVERseq	Tier3_586
Tier6_640	chr20	16182082	16182101	-	N		UNCOVERseq	UNCOVERseq	Tier6_640
Tier6_43	chr20	23422370	23422389	-	N		UNCOVERseq	UNCOVERseq	Tier6_43
Tier6_110	chr20	24421125	24421144	+	N		UNCOVERseq	UNCOVERseq	Tier6_110
Tier6_402	chr20	28843222	28843241	-	N		UNCOVERseq	UNCOVERseq	Tier6_402
Tier6_403	chr20	29360901	29360920	-	N		UNCOVERseq	UNCOVERseq	Tier6_403
Tier6_393	chr20	30595333	30595352	+	N		UNCOVERseq	UNCOVERseq	Tier6_393
Tier5_416	chr20	38892127	38892146	-	N		UNCOVERseq	UNCOVERseq	Tier5_416
Tier6_603	chr20	41541602	41541622	+	N		UNCOVERseq	UNCOVERseq	Tier6_603
Tier3_585	chr20	42631651	42631668	-	Y	164	UNCOVERseq	UNCOVERseq	Tier3_585
Tier6_602	chr20	54675157	54675176	-	N		UNCOVERseq	UNCOVERseq	Tier6_602
Tier6_157	chr20	55355726	55355744	-	N		UNCOVERseq	UNCOVERseq	Tier6_157
Tier6_486	chr20	56857065	56857084	+	N		UNCOVERseq	UNCOVERseq	Tier6_486
Tier6_520	chr21	6361194	6361212	-	N		UNCOVERseq	UNCOVERseq	Tier6_520
Tier6_103__Tier3_38	chr21	8234343	8234412	-	Y	35	UNCOVERseq	UNCOVERseq;UNCOVERseq	Tier6_103;Tier3_38
Tier6_180	chr21	8234596	8234615	-	N		UNCOVERseq	UNCOVERseq	Tier6_180
Tier6_458	chr21	8452232	8452250	+	N		UNCOVERseq	UNCOVERseq	Tier6_458
Tier6_627	chr21	8455875	8455894	-	N		UNCOVERseq	UNCOVERseq	Tier6_627
Tier6_404	chr21	8876839	8876858	+	N		UNCOVERseq	UNCOVERseq	Tier6_404
Tier6_119	chr21	9126591	9126610	-	N		UNCOVERseq	UNCOVERseq	Tier6_119
Tier6_370	chr21	9247345	9247362	+	N		UNCOVERseq	UNCOVERseq	Tier6_370
Tier6_118	chr21	9250329	9250348	-	N		UNCOVERseq	UNCOVERseq	Tier6_118
Tier6_476	chr21	10274250	10274267	-	N		UNCOVERseq	UNCOVERseq	Tier6_476
Tier6_366	chr21	10461900	10461919	+	N		UNCOVERseq	UNCOVERseq	Tier6_366
Tier6_79	chr21	18950872	18950891	-	N		UNCOVERseq	UNCOVERseq	Tier6_79
Tier6_205	chr21	27078047	27078065	-	N		UNCOVERseq	UNCOVERseq	Tier6_205
Tier6_291	chr21	39960726	39960745	-	N		UNCOVERseq	UNCOVERseq	Tier6_291
Tier3_232	chr21	46472822	46472841	+	Y	82	UNCOVERseq	UNCOVERseq	Tier3_232
Tier6_569	chr22	11215006	11215025	+	N		UNCOVERseq	UNCOVERseq	Tier6_569
Tier6_531	chr22	12176529	12176548	-	N		UNCOVERseq	UNCOVERseq	Tier6_531
Tier6_487	chr22	12178163	12178182	-	N		UNCOVERseq	UNCOVERseq	Tier6_487
Tier6_334	chr22	12692086	12692105	-	N		UNCOVERseq	UNCOVERseq	Tier6_334
Tier6_530	chr22	12692850	12692869	+	N		UNCOVERseq	UNCOVERseq	Tier6_530
Tier6_551	chr22	22955495	22955513	-	N		UNCOVERseq	UNCOVERseq	Tier6_551
Tier3_581	chr22	35923180	35923199	+	Y	160	UNCOVERseq	UNCOVERseq	Tier3_581
Tier6_550	chr22	48136887	48136906	+	N		UNCOVERseq	UNCOVERseq	Tier6_550
Tier3_236	chr22	49047750	49047769	-	Y	86	UNCOVERseq	UNCOVERseq	Tier3_236
Tier6_549	chr22	49215807	49215824	-	N		UNCOVERseq	UNCOVERseq	Tier6_549
Tier3_424	chr3	243738	243757	+	Y	127	UNCOVERseq	UNCOVERseq	Tier3_424
Tier5_415	chr3	2020780	2020799	+	N		UNCOVERseq	UNCOVERseq	Tier5_415
Tier6_208	chr3	7780282	7780301	-	N		UNCOVERseq	UNCOVERseq	Tier6_208
Tier6_242	chr3	8109355	8109372	-	N		UNCOVERseq	UNCOVERseq	Tier6_242
Tier3_223	chr3	9722834	9722853	-	Y	73	UNCOVERseq	UNCOVERseq	Tier3_223
Tier3_500	chr3	11823135	11823154	-	Y	142	UNCOVERseq	UNCOVERseq	Tier3_500
Tier6_358	chr3	17802755	17802773	-	N		UNCOVERseq	UNCOVERseq	Tier6_358
Tier6_87	chr3	26894473	26894492	+	N		UNCOVERseq	UNCOVERseq	Tier6_87
Tier3_13	chr3	30463436	30463455	+	Y	14	UNCOVERseq	UNCOVERseq	Tier3_13
Tier6_335	chr3	36598748	36598767	+	N		UNCOVERseq	UNCOVERseq	Tier6_335
Tier6_64	chr3	37357321	37357340	-	N		UNCOVERseq	UNCOVERseq	Tier6_64
Tier6_466	chr3	39902993	39903012	+	N		UNCOVERseq	UNCOVERseq	Tier6_466
Tier6_323	chr3	48352724	48352743	+	N		UNCOVERseq	UNCOVERseq	Tier6_323
Tier6_150	chr3	86312330	86312349	-	N		UNCOVERseq	UNCOVERseq	Tier6_150
Tier6_154	chr3	91362835	91362854	-	N		UNCOVERseq	UNCOVERseq	Tier6_154
Tier6_637	chr3	91540868	91540886	-	N		UNCOVERseq	UNCOVERseq	Tier6_637
Tier6_62	chr3	94593007	94593025	-	N		UNCOVERseq	UNCOVERseq	Tier6_62
Tier6_149	chr3	96617542	96617559	-	N		UNCOVERseq	UNCOVERseq	Tier6_149
Tier6_44	chr3	98266919	98266938	-	N		UNCOVERseq	UNCOVERseq	Tier6_44
Tier6_489	chr3	99623585	99623604	+	N		UNCOVERseq	UNCOVERseq	Tier6_489
Tier6_292	chr3	104141784	104141803	+	N		UNCOVERseq	UNCOVERseq	Tier6_292
Tier6_217	chr3	104349623	104349642	+	N		UNCOVERseq	UNCOVERseq	Tier6_217
Tier6_333	chr3	110613661	110613679	+	N		UNCOVERseq	UNCOVERseq	Tier6_333
Tier3_631	chr3	142698171	142698189	+	Y	179	UNCOVERseq	UNCOVERseq	Tier3_631
Tier3_66	chr3	143768031	143768050	-	Y	45	UNCOVERseq	UNCOVERseq	Tier3_66
Tier6_49	chr3	146939733	146939751	-	N		UNCOVERseq	UNCOVERseq	Tier6_49
Tier6_465	chr3	147608920	147608939	+	N		UNCOVERseq	UNCOVERseq	Tier6_465
Tier3_598	chr3	160902505	160902523	-	Y	177	UNCOVERseq	UNCOVERseq	Tier3_598
Tier3_595	chr3	173409865	173409884	+	Y	174	UNCOVERseq	UNCOVERseq	Tier3_595
Tier3_587	chr3	173852059	173852078	+	Y	166	UNCOVERseq	UNCOVERseq	Tier3_587
Tier3_10	chr3	174307833	174307852	+	Y	11	UNCOVERseq	UNCOVERseq	Tier3_10
Tier3_259	chr3	174474884	174474902	+	Y	97	UNCOVERseq	UNCOVERseq	Tier3_259
Tier3_256	chr3	181187362	181187381	-	Y	94	UNCOVERseq	UNCOVERseq	Tier3_256
Tier3_593	chr3	181328407	181328425	+	Y	172	UNCOVERseq	UNCOVERseq	Tier3_593
Tier3_508	chr4	10189	10207	-	Y	150	UNCOVERseq	UNCOVERseq	Tier3_508
Tier6_106	chr4	40041	40060	-	N		UNCOVERseq	UNCOVERseq	Tier6_106
Tier6_628	chr4	3939738	3939757	-	N		UNCOVERseq	UNCOVERseq	Tier6_628
Tier3_224	chr4	5195490	5195507	+	Y	74	UNCOVERseq	UNCOVERseq	Tier3_224
Tier6_605	chr4	8778689	8778707	-	N		UNCOVERseq	UNCOVERseq	Tier6_605
Tier6_182	chr4	9069224	9069243	-	N		UNCOVERseq	UNCOVERseq	Tier6_182
Tier6_521	chr4	12351645	12351664	-	N		UNCOVERseq	UNCOVERseq	Tier6_521
Tier6_642	chr4	12440757	12440776	+	N		UNCOVERseq	UNCOVERseq	Tier6_642
Tier6_626	chr4	12628100	12628119	+	N		UNCOVERseq	UNCOVERseq	Tier6_626
Tier6_99	chr4	12795167	12795186	+	N		UNCOVERseq	UNCOVERseq	Tier6_99
Tier6_643	chr4	12816612	12816631	-	N		UNCOVERseq	UNCOVERseq	Tier6_643
Tier6_243	chr4	14108123	14108137	+	N		UNCOVERseq	UNCOVERseq	Tier6_243
Tier3_128	chr4	14864776	14864794	-	Y	57	UNCOVERseq	UNCOVERseq	Tier3_128
Tier6_83	chr4	15721330	15721349	-	N		UNCOVERseq	UNCOVERseq	Tier6_83
Tier3_51	chr4	16763118	16763136	-	Y	39	UNCOVERseq	UNCOVERseq	Tier3_51
Tier3_591	chr4	16878810	16878829	-	Y	170	UNCOVERseq	UNCOVERseq	Tier3_591
Tier6_218	chr4	17042320	17042339	-	N		UNCOVERseq	UNCOVERseq	Tier6_218
Tier6_644	chr4	18359979	18359996	+	N		UNCOVERseq	UNCOVERseq	Tier6_644
Tier6_464	chr4	18717154	18717174	-	N		UNCOVERseq	UNCOVERseq	Tier6_464
Tier6_383	chr4	20139508	20139526	+	N		UNCOVERseq	UNCOVERseq	Tier6_383
Tier6_294	chr4	20675018	20675037	+	N		UNCOVERseq	UNCOVERseq	Tier6_294
Tier3_272	chr4	20781669	20781688	-	Y	109	UNCOVERseq	UNCOVERseq	Tier3_272
Tier3_422	chr4	24207052	24207070	-	Y	125	UNCOVERseq	UNCOVERseq	Tier3_422
Tier3_6	chr4	27591312	27591331	-	Y	7	UNCOVERseq	UNCOVERseq	Tier3_6
Tier6_325	chr4	27985124	27985141	-	N		UNCOVERseq	UNCOVERseq	Tier6_325
Tier6_130	chr4	28299567	28299586	-	N		UNCOVERseq	UNCOVERseq	Tier6_130
Tier6_319	chr4	28712432	28712449	-	N		UNCOVERseq	UNCOVERseq	Tier6_319
Tier6_295	chr4	29271196	29271215	+	N		UNCOVERseq	UNCOVERseq	Tier6_295
Tier6_488	chr4	29468994	29469012	+	N		UNCOVERseq	UNCOVERseq	Tier6_488
Tier6_529	chr4	30635942	30635961	+	N		UNCOVERseq	UNCOVERseq	Tier6_529
Tier6_345	chr4	30813292	30813311	+	N		UNCOVERseq	UNCOVERseq	Tier6_345
Tier6_331	chr4	31194161	31194180	+	N		UNCOVERseq	UNCOVERseq	Tier6_331
Tier6_173	chr4	31228064	31228083	-	N		UNCOVERseq	UNCOVERseq	Tier6_173
Tier6_544	chr4	36578879	36578899	+	N		UNCOVERseq	UNCOVERseq	Tier6_544
Tier6_514	chr4	45022702	45022720	-	N		UNCOVERseq	UNCOVERseq	Tier6_514
Tier6_330	chr4	49291891	49291910	+	N		UNCOVERseq	UNCOVERseq	Tier6_330
Tier3_2	chr4	49709326	49709345	+	Y	3	UNCOVERseq	UNCOVERseq	Tier3_2
Tier3_9	chr4	49709780	49709799	+	Y	10	UNCOVERseq	UNCOVERseq	Tier3_9
Tier3_22	chr4	49710189	49710208	+	Y	23	UNCOVERseq	UNCOVERseq	Tier3_22
Tier3_18	chr4	51107379	51107398	+	Y	19	UNCOVERseq	UNCOVERseq	Tier3_18
Tier6_388	chr4	52041460	52041479	+	N		UNCOVERseq	UNCOVERseq	Tier6_388
Tier6_329	chr4	52851113	52851132	+	N		UNCOVERseq	UNCOVERseq	Tier6_329
Tier6_211	chr4	58004526	58004545	-	N		UNCOVERseq	UNCOVERseq	Tier6_211
Tier6_475	chr4	58415345	58415362	-	N		UNCOVERseq	UNCOVERseq	Tier6_475
Tier6_148	chr4	59657752	59657771	+	N		UNCOVERseq	UNCOVERseq	Tier6_148
Tier6_573	chr4	66418403	66418421	-	N		UNCOVERseq	UNCOVERseq	Tier6_573
Tier6_296	chr4	68274543	68274563	+	N		UNCOVERseq	UNCOVERseq	Tier6_296
Tier6_567	chr4	68298820	68298838	+	N		UNCOVERseq	UNCOVERseq	Tier6_567
Tier6_212	chr4	73989362	73989379	-	N		UNCOVERseq	UNCOVERseq	Tier6_212
Tier6_560	chr4	94323103	94323122	-	N		UNCOVERseq	UNCOVERseq	Tier6_560
Tier3_56	chr4	97757502	97757522	-	Y	41	UNCOVERseq	UNCOVERseq	Tier3_56
Tier6_59	chr4	111969599	111969618	-	N		UNCOVERseq	UNCOVERseq	Tier6_59
Tier6_116	chr4	116734168	116734187	+	N		UNCOVERseq	UNCOVERseq	Tier6_116
Tier6_147	chr4	119097030	119097049	-	N		UNCOVERseq	UNCOVERseq	Tier6_147
Tier6_462	chr4	130320103	130320121	+	N		UNCOVERseq	UNCOVERseq	Tier6_462
Tier6_328	chr4	131906084	131906103	-	N		UNCOVERseq	UNCOVERseq	Tier6_328
Tier6_327	chr4	133277195	133277214	-	N		UNCOVERseq	UNCOVERseq	Tier6_327
Tier6_461	chr4	133544551	133544570	+	N		UNCOVERseq	UNCOVERseq	Tier6_461
Tier6_199	chr4	134653099	134653118	+	N		UNCOVERseq	UNCOVERseq	Tier6_199
Tier6_481	chr4	135724881	135724900	-	N		UNCOVERseq	UNCOVERseq	Tier6_481
Tier6_528	chr4	136139816	136139835	+	N		UNCOVERseq	UNCOVERseq	Tier6_528
Tier6_284	chr4	136438657	136438676	+	N		UNCOVERseq	UNCOVERseq	Tier6_284
Tier6_449	chr4	141416279	141416298	-	N		UNCOVERseq	UNCOVERseq	Tier6_449
Tier6_472	chr4	143034016	143034034	-	N		UNCOVERseq	UNCOVERseq	Tier6_472
Tier6_453	chr4	149528380	149528399	-	N		UNCOVERseq	UNCOVERseq	Tier6_453
Tier6_283	chr4	151074381	151074402	-	N		UNCOVERseq	UNCOVERseq	Tier6_283
Tier3_134	chr4	166890884	166890906	-	Y	62	UNCOVERseq	UNCOVERseq	Tier3_134
Tier6_606	chr4	174872778	174872797	+	N		UNCOVERseq	UNCOVERseq	Tier6_606
Tier6_619	chr4	175084918	175084937	+	N		UNCOVERseq	UNCOVERseq	Tier6_619
Tier6_545	chr4	178866722	178866741	+	N		UNCOVERseq	UNCOVERseq	Tier6_545
Tier3_504	chr4	190178159	190178178	+	Y	146	UNCOVERseq	UNCOVERseq	Tier3_504
Tier3_614	chr5	2731879	2731898	+	Y	178	UNCOVERseq	UNCOVERseq	Tier3_614
Tier6_480	chr5	8069549	8069568	-	N		UNCOVERseq	UNCOVERseq	Tier6_480
Tier6_316	chr5	15048707	15048725	-	N		UNCOVERseq	UNCOVERseq	Tier6_316
Tier3_582	chr5	16508003	16508021	-	Y	161	UNCOVERseq	UNCOVERseq	Tier3_582
Tier3_421	chr5	22837216	22837233	+	Y	124	UNCOVERseq	UNCOVERseq	Tier3_421
Tier6_30	chr5	26625774	26625793	+	N		UNCOVERseq	UNCOVERseq	Tier6_30
Tier6_638	chr5	29840073	29840092	+	N		UNCOVERseq	UNCOVERseq	Tier6_638
Tier6_451	chr5	32415775	32415794	-	N		UNCOVERseq	UNCOVERseq	Tier6_451
Tier6_359	chr5	37930414	37930433	-	N		UNCOVERseq	UNCOVERseq	Tier6_359
Tier3_639	chr5	39245839	39245857	-	Y	185	UNCOVERseq	UNCOVERseq	Tier3_639
Tier6_450	chr5	41032520	41032539	-	N		UNCOVERseq	UNCOVERseq	Tier6_450
Tier6_120	chr5	42763221	42763240	+	N		UNCOVERseq	UNCOVERseq	Tier6_120
Tier6_546	chr5	43935924	43935943	+	N		UNCOVERseq	UNCOVERseq	Tier6_546
Tier6_54	chr5	49599447	49599466	+	N		UNCOVERseq	UNCOVERseq	Tier6_54
Tier3_21	chr5	49600342	49600361	+	Y	22	UNCOVERseq	UNCOVERseq	Tier3_21
Tier5_613	chr5	72851223	72851242	-	N		UNCOVERseq	UNCOVERseq	Tier5_613
Tier6_181	chr5	92190290	92190309	-	N		UNCOVERseq	UNCOVERseq	Tier6_181
Tier6_317	chr5	92859711	92859730	+	N		UNCOVERseq	UNCOVERseq	Tier6_317
Tier3_33	chr5	94570802	94570821	-	Y	30	UNCOVERseq	UNCOVERseq	Tier3_33
Tier6_89	chr5	122772270	122772289	-	N		UNCOVERseq	UNCOVERseq	Tier6_89
Tier6_519	chr5	129425937	129425956	+	N		UNCOVERseq	UNCOVERseq	Tier6_519
Tier3_19	chr5	134923338	134923357	+	Y	20	UNCOVERseq	UNCOVERseq	Tier3_19
Tier6_460	chr5	134926111	134926130	-	N		UNCOVERseq	UNCOVERseq	Tier6_460
Tier6_367	chr5	134927400	134927419	+	N		UNCOVERseq	UNCOVERseq	Tier6_367
Tier6_353	chr5	144880815	144880833	+	N		UNCOVERseq	UNCOVERseq	Tier6_353
Tier6_381	chr5	155346699	155346718	-	N		UNCOVERseq	UNCOVERseq	Tier6_381
Tier6_74	chr5	158245154	158245173	-	N		UNCOVERseq	UNCOVERseq	Tier6_74
Tier3_57	chr5	159508978	159508997	-	Y	42	UNCOVERseq	UNCOVERseq	Tier3_57
Tier6_574	chr5	164399509	164399528	+	N		UNCOVERseq	UNCOVERseq	Tier6_574
Tier6_535	chr5	164679567	164679585	-	N		UNCOVERseq	UNCOVERseq	Tier6_535
Tier6_479	chr6	8074945	8074962	-	N		UNCOVERseq	UNCOVERseq	Tier6_479
Tier6_84	chr6	9606882	9606900	+	N		UNCOVERseq	UNCOVERseq	Tier6_84
Tier6_166	chr6	10303968	10303987	+	N		UNCOVERseq	UNCOVERseq	Tier6_166
Tier5_50	chr6	21957090	21957108	-	N		UNCOVERseq	UNCOVERseq	Tier5_50
Tier6_620	chr6	52119693	52119711	-	N		UNCOVERseq	UNCOVERseq	Tier6_620
Tier6_478	chr6	61660182	61660201	+	N		UNCOVERseq	UNCOVERseq	Tier6_478
Tier3_1	chr6	62723289	62723308	-	Y	2	UNCOVERseq	UNCOVERseq	Tier3_1
Tier3_135	chr6	65639430	65639449	+	Y	63	UNCOVERseq	UNCOVERseq	Tier3_135
Tier6_473	chr6	66594567	66594585	-	N		UNCOVERseq	UNCOVERseq	Tier6_473
Tier6_146	chr6	67565186	67565205	-	N		UNCOVERseq	UNCOVERseq	Tier6_146
Tier3_131	chr6	68983126	68983145	-	Y	59	UNCOVERseq	UNCOVERseq	Tier3_131
Tier6_75	chr6	70166940	70166959	-	N		UNCOVERseq	UNCOVERseq	Tier6_75
Tier3_3	chr6	70563994	70564013	-	Y	4	UNCOVERseq	UNCOVERseq	Tier3_3
Tier6_104	chr6	76472175	76472195	-	N		UNCOVERseq	UNCOVERseq	Tier6_104
Tier6_244	chr6	78191581	78191602	-	N		UNCOVERseq	UNCOVERseq	Tier6_244
Tier6_621	chr6	78788802	78788821	-	N		UNCOVERseq	UNCOVERseq	Tier6_621
Tier6_572	chr6	84599106	84599125	+	N		UNCOVERseq	UNCOVERseq	Tier6_572
Tier6_282	chr6	90859240	90859260	+	N		UNCOVERseq	UNCOVERseq	Tier6_282
Tier6_600	chr6	91556176	91556194	+	N		UNCOVERseq	UNCOVERseq	Tier6_600
Tier6_114	chr6	92666433	92666452	+	N		UNCOVERseq	UNCOVERseq	Tier6_114
Tier6_219	chr6	95430330	95430349	+	N		UNCOVERseq	UNCOVERseq	Tier6_219
Tier3_592	chr6	96958475	96958494	+	Y	171	UNCOVERseq	UNCOVERseq	Tier3_592
Tier6_517	chr6	98199216	98199234	+	N		UNCOVERseq	UNCOVERseq	Tier6_517
Tier6_101	chr6	108701655	108701674	+	N		UNCOVERseq	UNCOVERseq	Tier6_101
Tier6_346	chr6	115273055	115273072	+	N		UNCOVERseq	UNCOVERseq	Tier6_346
Tier6_122	chr6	119974179	119974198	-	N		UNCOVERseq	UNCOVERseq	Tier6_122
Tier6_315	chr6	123666103	123666122	+	N		UNCOVERseq	UNCOVERseq	Tier6_315
Tier3_578	chr6	152415410	152415429	+	Y	157	UNCOVERseq	UNCOVERseq	Tier3_578
Tier6_193	chr6	152651183	152651201	+	N		UNCOVERseq	UNCOVERseq	Tier6_193
Tier6_115	chr6	159165466	159165485	-	N		UNCOVERseq	UNCOVERseq	Tier6_115
Tier3_253	chr6	163133400	163133419	+	Y	91	UNCOVERseq	UNCOVERseq	Tier3_253
Tier6_533	chr6	165082606	165082624	+	N		UNCOVERseq	UNCOVERseq	Tier6_533
Tier6_485	chr6	166313227	166313246	-	N		UNCOVERseq	UNCOVERseq	Tier6_485
Tier3_231	chr7	18803203	18803221	-	Y	81	UNCOVERseq	UNCOVERseq	Tier3_231
Tier6_188	chr7	21058642	21058661	-	N		UNCOVERseq	UNCOVERseq	Tier6_188
Tier6_52	chr7	31612178	31612197	-	N		UNCOVERseq	UNCOVERseq	Tier6_52
Tier6_318	chr7	56332968	56332987	-	N		UNCOVERseq	UNCOVERseq	Tier6_318
Tier6_518	chr7	57153260	57153279	-	N		UNCOVERseq	UNCOVERseq	Tier6_518
Tier6_203	chr7	64117970	64117989	-	N		UNCOVERseq	UNCOVERseq	Tier6_203
Tier6_378	chr7	66683275	66683293	-	N		UNCOVERseq	UNCOVERseq	Tier6_378
Tier6_630	chr7	68603324	68603343	+	N		UNCOVERseq	UNCOVERseq	Tier6_630
Tier3_264	chr7	69712057	69712076	-	Y	101	UNCOVERseq	UNCOVERseq	Tier3_264
Tier3_273	chr7	69912031	69912051	-	Y	110	UNCOVERseq	UNCOVERseq	Tier3_273
Tier3_507	chr7	70348401	70348420	-	Y	149	UNCOVERseq	UNCOVERseq	Tier3_507
Tier3_228	chr7	70432737	70432755	-	Y	78	UNCOVERseq	UNCOVERseq	Tier3_228
Tier3_271	chr7	70515978	70515997	+	Y	108	UNCOVERseq	UNCOVERseq	Tier3_271
Tier6_523	chr7	70819660	70819680	-	N		UNCOVERseq	UNCOVERseq	Tier6_523
Tier6_389	chr7	71126431	71126450	-	N		UNCOVERseq	UNCOVERseq	Tier6_389
Tier3_230	chr7	71378493	71378512	+	Y	80	UNCOVERseq	UNCOVERseq	Tier3_230
Tier3_430	chr7	72160903	72160922	+	Y	133	UNCOVERseq	UNCOVERseq	Tier3_430
Tier3_96	chr7	72183335	72183354	+	Y	52	UNCOVERseq	UNCOVERseq	Tier3_96
Tier6_360	chr7	81928891	81928910	-	N		UNCOVERseq	UNCOVERseq	Tier6_360
Tier6_527	chr7	81939864	81939883	+	N		UNCOVERseq	UNCOVERseq	Tier6_527
Tier6_332	chr7	83827681	83827700	-	N		UNCOVERseq	UNCOVERseq	Tier6_332
Tier6_354	chr7	97105069	97105088	+	N		UNCOVERseq	UNCOVERseq	Tier6_354
Tier6_290	chr7	101798679	101798698	+	N		UNCOVERseq	UNCOVERseq	Tier6_290
Tier6_568	chr7	108684853	108684872	-	N		UNCOVERseq	UNCOVERseq	Tier6_568
Tier6_448	chr7	109604518	109604537	-	N		UNCOVERseq	UNCOVERseq	Tier6_448
Tier6_48	chr7	110073425	110073444	-	N		UNCOVERseq	UNCOVERseq	Tier6_48
Tier6_564	chr7	115463749	115463768	+	N		UNCOVERseq	UNCOVERseq	Tier6_564
Tier3_227	chr7	116687757	116687776	+	Y	77	UNCOVERseq	UNCOVERseq	Tier3_227
Tier6_382	chr7	118502548	118502566	-	N		UNCOVERseq	UNCOVERseq	Tier6_382
Tier6_558	chr7	118904595	118904614	+	N		UNCOVERseq	UNCOVERseq	Tier6_558
Tier6_260	chr7	119586142	119586161	-	N		UNCOVERseq	UNCOVERseq	Tier6_260
Tier6_312	chr7	121547584	121547603	-	N		UNCOVERseq	UNCOVERseq	Tier6_312
Tier3_432	chr7	121966570	121966589	-	Y	135	UNCOVERseq	UNCOVERseq	Tier3_432
Tier6_599	chr7	125053275	125053294	-	N		UNCOVERseq	UNCOVERseq	Tier6_599
Tier6_608	chr7	125246620	125246635	+	N		UNCOVERseq	UNCOVERseq	Tier6_608
Tier6_72	chr7	125627966	125627985	-	N		UNCOVERseq	UNCOVERseq	Tier6_72
Tier6_623	chr7	125848686	125848705	-	N		UNCOVERseq	UNCOVERseq	Tier6_623
Tier3_252	chr7	126448792	126448811	-	Y	90	UNCOVERseq	UNCOVERseq	Tier3_252
Tier6_484	chr7	129561405	129561424	-	N		UNCOVERseq	UNCOVERseq	Tier6_484
Tier6_532	chr7	135931201	135931220	+	N		UNCOVERseq	UNCOVERseq	Tier6_532
Tier6_618	chr7	145842894	145842913	-	N		UNCOVERseq	UNCOVERseq	Tier6_618
Tier3_423	chr7	146746979	146746998	+	Y	126	UNCOVERseq	UNCOVERseq	Tier3_423
Tier3_144	chr7	148392526	148392544	-	Y	70	UNCOVERseq	UNCOVERseq	Tier3_144
Tier6_340	chr7	150783921	150783939	-	N		UNCOVERseq	UNCOVERseq	Tier6_340
Tier6_469	chr7	153353678	153353697	+	N		UNCOVERseq	UNCOVERseq	Tier6_469
Tier6_152	chr7	153519357	153519376	+	N		UNCOVERseq	UNCOVERseq	Tier6_152
Tier6_204	chr7	155415901	155415920	-	N		UNCOVERseq	UNCOVERseq	Tier6_204
Tier6_390	chr7	155890955	155890974	+	N		UNCOVERseq	UNCOVERseq	Tier6_390
Tier6_191	chr8	605330	605349	-	N		UNCOVERseq	UNCOVERseq	Tier6_191
Tier3_132	chr8	3280184	3280204	+	Y	60	UNCOVERseq	UNCOVERseq	Tier3_132
Tier6_85	chr8	5455032	5455051	-	N		UNCOVERseq	UNCOVERseq	Tier6_85
Tier6_557	chr8	5627600	5627619	-	N		UNCOVERseq	UNCOVERseq	Tier6_557
Tier3_270	chr8	14838202	14838221	+	Y	107	UNCOVERseq	UNCOVERseq	Tier3_270
Tier6_81	chr8	15877985	15878004	+	N		UNCOVERseq	UNCOVERseq	Tier6_81
Tier3_269	chr8	35701105	35701124	+	Y	106	UNCOVERseq	UNCOVERseq	Tier3_269
Tier6_483	chr8	35878239	35878258	+	N		UNCOVERseq	UNCOVERseq	Tier6_483
Tier3_636	chr8	38840087	38840105	+	Y	184	UNCOVERseq	UNCOVERseq	Tier3_636
Tier3_268	chr8	47535416	47535431	+	Y	105	UNCOVERseq	UNCOVERseq	Tier3_268
Tier6_387	chr8	48608890	48608909	+	N		UNCOVERseq	UNCOVERseq	Tier6_387
Tier6_368	chr8	49365714	49365733	-	N		UNCOVERseq	UNCOVERseq	Tier6_368
Tier6_185	chr8	56945780	56945799	+	N		UNCOVERseq	UNCOVERseq	Tier6_185
Tier5_239	chr8	58036600	58036619	+	N		UNCOVERseq	UNCOVERseq	Tier5_239
Tier6_624	chr8	58660071	58660090	-	N		UNCOVERseq	UNCOVERseq	Tier6_624
Tier6_304	chr8	59553698	59553718	-	N		UNCOVERseq	UNCOVERseq	Tier6_304
Tier5_238	chr8	65184723	65184743	-	N		UNCOVERseq	UNCOVERseq	Tier5_238
Tier3_229	chr8	68480361	68480380	-	Y	79	UNCOVERseq	UNCOVERseq	Tier3_229
Tier6_556	chr8	68910129	68910148	+	N		UNCOVERseq	UNCOVERseq	Tier6_556
Tier6_300	chr8	72173960	72173980	+	N		UNCOVERseq	UNCOVERseq	Tier6_300
Tier6_285	chr8	77409070	77409089	-	N		UNCOVERseq	UNCOVERseq	Tier6_285
Tier6_477	chr8	96365519	96365538	-	N		UNCOVERseq	UNCOVERseq	Tier6_477
Tier5_126	chr8	98420077	98420096	-	N		UNCOVERseq	UNCOVERseq	Tier5_126
Tier3_125	chr8	103914514	103914533	+	Y	55	UNCOVERseq	UNCOVERseq	Tier3_125
Tier6_306	chr8	104854184	104854202	-	N		UNCOVERseq	UNCOVERseq	Tier6_306
Tier6_562	chr8	107515702	107515719	+	N		UNCOVERseq	UNCOVERseq	Tier6_562
Tier6_55	chr8	110256521	110256540	+	N		UNCOVERseq	UNCOVERseq	Tier6_55
Tier6_482	chr8	117203418	117203437	+	N		UNCOVERseq	UNCOVERseq	Tier6_482
Tier6_355	chr8	120091771	120091790	-	N		UNCOVERseq	UNCOVERseq	Tier6_355
Tier3_594	chr8	126946903	126946922	+	Y	173	UNCOVERseq	UNCOVERseq	Tier3_594
Tier6_307	chr8	127102704	127102725	-	N		UNCOVERseq	UNCOVERseq	Tier6_307
Tier6_555	chr8	131147225	131147244	-	N		UNCOVERseq	UNCOVERseq	Tier6_555
Tier6_625	chr8	133879542	133879563	+	N		UNCOVERseq	UNCOVERseq	Tier6_625
Tier6_195	chr8	135120823	135120841	-	N		UNCOVERseq	UNCOVERseq	Tier6_195
Tier6_121	chr8	135754453	135754472	+	N		UNCOVERseq	UNCOVERseq	Tier6_121
Tier3_503	chr9	717754	717773	-	Y	145	UNCOVERseq	UNCOVERseq	Tier3_503
Tier6_339	chr9	11712232	11712250	-	N		UNCOVERseq	UNCOVERseq	Tier6_339
Tier3_510	chr9	29060792	29060813	+	Y	152	UNCOVERseq	UNCOVERseq	Tier3_510
Tier6_356	chr9	41046220	41046239	-	N		UNCOVERseq	UNCOVERseq	Tier6_356
Tier6_357	chr9	63805305	63805324	-	N		UNCOVERseq	UNCOVERseq	Tier6_357
Tier3_635	chr9	70274716	70274735	-	Y	183	UNCOVERseq	UNCOVERseq	Tier3_635
Tier6_609	chr9	79234266	79234285	-	N		UNCOVERseq	UNCOVERseq	Tier6_609
Tier5_142	chr9	79554319	79554338	-	N		UNCOVERseq	UNCOVERseq	Tier5_142
Tier6_301	chr9	81806764	81806783	+	N		UNCOVERseq	UNCOVERseq	Tier6_301
Tier5_575	chr9	84643628	84643647	-	N		UNCOVERseq	UNCOVERseq	Tier5_575
Tier3_263	chr9	84950415	84950434	+	Y	100	UNCOVERseq	UNCOVERseq	Tier3_263
Tier6_187	chr9	86456174	86456193	+	N		UNCOVERseq	UNCOVERseq	Tier6_187
Tier6_308	chr9	106821099	106821118	+	N		UNCOVERseq	UNCOVERseq	Tier6_308
Tier6_216	chr9	108569006	108569025	+	N		UNCOVERseq	UNCOVERseq	Tier6_216
Tier6_540	chr9	115968071	115968089	+	N		UNCOVERseq	UNCOVERseq	Tier6_540
Tier6_629	chr9	119254086	119254105	+	N		UNCOVERseq	UNCOVERseq	Tier6_629
Tier3_133	chr9	131571321	131571340	-	Y	61	UNCOVERseq	UNCOVERseq	Tier3_133
Tier6_97	chrX	7553055	7553074	-	N		UNCOVERseq	UNCOVERseq	Tier6_97
Tier6_186	chrX	14286069	14286087	-	N		UNCOVERseq	UNCOVERseq	Tier6_186
Tier6_192	chrX	15693979	15693998	-	N		UNCOVERseq	UNCOVERseq	Tier6_192
Tier6_474	chrX	27064652	27064671	+	N		UNCOVERseq	UNCOVERseq	Tier6_474
Tier3_511	chrX	29762567	29762586	+	Y	153	UNCOVERseq	UNCOVERseq	Tier3_511
Tier6_164	chrX	33617343	33617361	+	N		UNCOVERseq	UNCOVERseq	Tier6_164
Tier6_377	chrX	36457833	36457852	+	N		UNCOVERseq	UNCOVERseq	Tier6_377
Tier6_539	chrX	49144747	49144766	+	N		UNCOVERseq	UNCOVERseq	Tier6_539
Tier6_452	chrX	49663706	49663725	-	N		UNCOVERseq	UNCOVERseq	Tier6_452
Tier6_399	chrX	50126813	50126832	-	N		UNCOVERseq	UNCOVERseq	Tier6_399
Tier3_222	chrX	50788719	50788738	+	Y	72	UNCOVERseq	UNCOVERseq	Tier3_222
Tier6_209	chrX	51363516	51363535	+	N		UNCOVERseq	UNCOVERseq	Tier6_209
Tier6_445	chrX	52169768	52169786	-	N		UNCOVERseq	UNCOVERseq	Tier6_445
Tier3_35	chrX	53498486	53498505	-	Y	32	UNCOVERseq	UNCOVERseq	Tier3_35
Tier3_127	chrX	54240102	54240119	+	Y	56	UNCOVERseq	UNCOVERseq	Tier3_127
Tier6_158	chrX	63935122	63935141	+	N		UNCOVERseq	UNCOVERseq	Tier6_158
Tier6_40	chrX	68714573	68714592	-	N		UNCOVERseq	UNCOVERseq	Tier6_40
Tier6_309	chrX	73198452	73198471	+	N		UNCOVERseq	UNCOVERseq	Tier6_309
Tier3_226	chrX	74232046	74232065	+	Y	76	UNCOVERseq	UNCOVERseq	Tier3_226
Tier6_163	chrX	77200162	77200181	-	N		UNCOVERseq	UNCOVERseq	Tier6_163
Tier6_170	chrX	97840457	97840476	-	N		UNCOVERseq	UNCOVERseq	Tier6_170
Tier6_561	chrX	112638253	112638271	+	N		UNCOVERseq	UNCOVERseq	Tier6_561
Tier3_95	chrX	133974920	133974941	+	Y	51	UNCOVERseq	UNCOVERseq	Tier3_95
Tier6_341	chrY	10796040	10796059	-	N		UNCOVERseq	UNCOVERseq	Tier6_341
Tier6_153	chrY	11116932	11116951	+	N		UNCOVERseq	UNCOVERseq	Tier6_153
Tier3_39	chrY	11305057	11305074	+	Y	36	UNCOVERseq	UNCOVERseq	Tier3_39
Tier3_20	chrY	11309436	11309455	+	Y	21	UNCOVERseq	UNCOVERseq	Tier3_20
Tier6_29	chrY	11310326	11310345	+	N		UNCOVERseq	UNCOVERseq	Tier6_29
Tier6_337	chrY	11311761	11311780	+	N		UNCOVERseq	UNCOVERseq	Tier6_337
Tier6_60	chrY	11313395	11313414	+	N		UNCOVERseq	UNCOVERseq	Tier6_60
Tier6_105	chrY	11314294	11314313	-	N		UNCOVERseq	UNCOVERseq	Tier6_105
Tier3_27	chrY	11323538	11323557	+	Y	27	UNCOVERseq	UNCOVERseq	Tier3_27
Tier6_371	chrY	11328730	11328749	+	N		UNCOVERseq	UNCOVERseq	Tier6_371
Tier3_36	chrY	11330431	11330450	+	Y	33	UNCOVERseq	UNCOVERseq	Tier3_36
Tier6_338__Tier6_352	chrY	56846170	56846291	-	N		UNCOVERseq	UNCOVERseq;UNCOVERseq	Tier6_338;Tier6_352
Tier6_616	chrY	56868920	56868939	+	N		UNCOVERseq	UNCOVERseq	Tier6_616
